-- phpMyAdmin SQL Dump
-- version 4.9.0.1
-- https://www.phpmyadmin.net/
--
-- Host: 127.0.0.1
-- Generation Time: Nov 25, 2019 at 08:29 AM
-- Server version: 10.4.6-MariaDB
-- PHP Version: 7.1.32

SET SQL_MODE = "NO_AUTO_VALUE_ON_ZERO";
SET AUTOCOMMIT = 0;
START TRANSACTION;
SET time_zone = "+00:00";


/*!40101 SET @OLD_CHARACTER_SET_CLIENT=@@CHARACTER_SET_CLIENT */;
/*!40101 SET @OLD_CHARACTER_SET_RESULTS=@@CHARACTER_SET_RESULTS */;
/*!40101 SET @OLD_COLLATION_CONNECTION=@@COLLATION_CONNECTION */;
/*!40101 SET NAMES utf8mb4 */;

--
-- Database: `eapi`
--

-- --------------------------------------------------------

--
-- Table structure for table `migrations`
--

CREATE TABLE `migrations` (
  `id` int(10) UNSIGNED NOT NULL,
  `migration` varchar(255) COLLATE utf8mb4_unicode_ci NOT NULL,
  `batch` int(11) NOT NULL
) ENGINE=InnoDB DEFAULT CHARSET=utf8mb4 COLLATE=utf8mb4_unicode_ci;

--
-- Dumping data for table `migrations`
--

INSERT INTO `migrations` (`id`, `migration`, `batch`) VALUES
(1, '2014_10_12_000000_create_users_table', 1),
(2, '2014_10_12_100000_create_password_resets_table', 1),
(3, '2019_11_24_143446_create_products_table', 1);

-- --------------------------------------------------------

--
-- Table structure for table `password_resets`
--

CREATE TABLE `password_resets` (
  `email` varchar(255) COLLATE utf8mb4_unicode_ci NOT NULL,
  `token` varchar(255) COLLATE utf8mb4_unicode_ci NOT NULL,
  `created_at` timestamp NULL DEFAULT NULL
) ENGINE=InnoDB DEFAULT CHARSET=utf8mb4 COLLATE=utf8mb4_unicode_ci;

-- --------------------------------------------------------

--
-- Table structure for table `products`
--

CREATE TABLE `products` (
  `id` bigint(20) UNSIGNED NOT NULL,
  `name` varchar(255) COLLATE utf8mb4_unicode_ci NOT NULL,
  `detail` text COLLATE utf8mb4_unicode_ci NOT NULL,
  `price` int(11) NOT NULL,
  `stock` int(11) NOT NULL,
  `discount` int(11) NOT NULL,
  `created_at` timestamp NULL DEFAULT NULL,
  `updated_at` timestamp NULL DEFAULT NULL
) ENGINE=InnoDB DEFAULT CHARSET=utf8mb4 COLLATE=utf8mb4_unicode_ci;

--
-- Dumping data for table `products`
--

INSERT INTO `products` (`id`, `name`, `detail`, `price`, `stock`, `discount`, `created_at`, `updated_at`) VALUES
(1, 'illo', 'Culpa sit explicabo aut quisquam quia. Quidem id excepturi sint impedit occaecati consequuntur corporis. Sit et laborum id nesciunt sed dolor. Nulla sint provident delectus reiciendis distinctio praesentium.', 117, 1, 12, '2019-11-25 00:39:04', '2019-11-25 00:39:04'),
(2, 'officiis', 'Quod ipsa quod voluptas ea facere ea quaerat. Error exercitationem non optio veniam vel.', 298, 2, 42, '2019-11-25 00:39:04', '2019-11-25 00:39:04'),
(3, 'inventore', 'Inventore explicabo molestiae neque qui illum eveniet nobis. Praesentium in modi explicabo voluptas et voluptatem quae. Sequi est est dolor id hic molestias voluptas. Repudiandae doloribus quae alias maiores excepturi consectetur assumenda illum.', 562, 4, 41, '2019-11-25 00:39:04', '2019-11-25 00:39:04'),
(4, 'facere', 'Aut odit sint temporibus provident. Doloribus sapiente reprehenderit temporibus consequuntur et quis optio. Expedita et explicabo architecto ut ut nulla.', 618, 0, 17, '2019-11-25 00:39:04', '2019-11-25 00:39:04'),
(5, 'non', 'Tempora facilis numquam officia ut est consequatur. Quae quo nihil ullam soluta. Quos labore velit labore itaque illo est animi. Dicta est earum sint eaque.', 378, 6, 12, '2019-11-25 00:39:04', '2019-11-25 00:39:04'),
(6, 'nihil', 'Vel qui vero magnam enim. Cupiditate enim odit aspernatur sit et nemo voluptatem. Magnam sit pariatur quo quidem at qui corporis. Sunt assumenda eligendi ut accusantium odio quia.', 763, 0, 45, '2019-11-25 00:39:04', '2019-11-25 00:39:04'),
(7, 'fugiat', 'Pariatur autem voluptatem voluptatibus pariatur quibusdam. Et est inventore quae quasi nesciunt quaerat. Eum corporis modi itaque.', 439, 1, 42, '2019-11-25 00:39:04', '2019-11-25 00:39:04'),
(8, 'nulla', 'Nulla quasi non excepturi provident est reiciendis ut eos. Deleniti numquam optio ab possimus et quo eos. Nesciunt soluta eveniet tempora laudantium.', 901, 4, 2, '2019-11-25 00:39:04', '2019-11-25 00:39:04'),
(9, 'a', 'Ab esse porro velit amet et. Sapiente beatae sed sunt autem rerum accusantium quo. Porro in labore numquam soluta.', 689, 8, 14, '2019-11-25 00:39:04', '2019-11-25 00:39:04'),
(10, 'maxime', 'Minima esse qui voluptatem vel amet nihil nam. Nemo explicabo aut praesentium ut ea. Sequi dolorum explicabo necessitatibus magnam. Qui sunt praesentium illum ut.', 428, 9, 4, '2019-11-25 00:39:04', '2019-11-25 00:39:04'),
(11, 'et', 'Similique soluta et pariatur quia. Magnam animi est expedita dolores non qui necessitatibus. Beatae ab facere eligendi mollitia. Quis in ipsa incidunt omnis eum.', 203, 7, 5, '2019-11-25 00:39:04', '2019-11-25 00:39:04'),
(12, 'quis', 'Sed et odit consequuntur unde. Maxime voluptatem laborum est dolores accusamus unde iure. Qui molestiae assumenda quas.', 786, 0, 21, '2019-11-25 00:39:04', '2019-11-25 00:39:04'),
(13, 'aut', 'Corrupti impedit eius qui ad ut illo repellendus. Dolor et qui non beatae nemo iusto tempora nihil. Aut unde accusantium repudiandae assumenda et.', 101, 6, 60, '2019-11-25 00:39:04', '2019-11-25 00:39:04'),
(14, 'quis', 'Nam neque nesciunt deserunt. Earum culpa voluptates in mollitia laboriosam natus hic at. Debitis aut porro reiciendis quis fugiat. Vel et officia ut neque voluptatem. Deleniti nam dolorum sit minus unde.', 467, 8, 52, '2019-11-25 00:39:04', '2019-11-25 00:39:04'),
(15, 'quae', 'Quia quidem incidunt velit est ex dolore voluptates dignissimos. Dolores quia quo architecto provident aut eos.', 231, 4, 23, '2019-11-25 00:39:04', '2019-11-25 00:39:04'),
(16, 'in', 'Iste asperiores repellat placeat ipsam in possimus nulla tenetur. Voluptatem dolorem deserunt quia iusto occaecati. Quasi expedita dolor voluptas quas nisi. Adipisci eos expedita fuga beatae eaque non.', 224, 1, 22, '2019-11-25 00:39:04', '2019-11-25 00:39:04'),
(17, 'qui', 'Est voluptatem aliquid accusamus delectus cum. Alias illum ducimus sint iure sit tempora ipsa saepe. Suscipit officia omnis dignissimos ea magnam sint illum. Eos voluptate odio animi.', 235, 1, 40, '2019-11-25 00:39:04', '2019-11-25 00:39:04'),
(18, 'aut', 'Hic id praesentium molestias consequuntur ab neque aliquid. Sunt quos quia maxime modi tenetur atque. Numquam quia optio nisi enim. Cupiditate inventore ab dicta ut sed.', 940, 8, 34, '2019-11-25 00:39:04', '2019-11-25 00:39:04'),
(19, 'consequatur', 'Odit quo et nesciunt ducimus voluptas. Facilis officia ea eum quia incidunt soluta ut dolores. Voluptatem sit earum maiores veritatis.', 929, 9, 27, '2019-11-25 00:39:04', '2019-11-25 00:39:04'),
(20, 'ducimus', 'Et doloremque voluptatem dolores laboriosam nemo eaque. Dolorum laborum consequatur veniam eos. Dolorum quasi eum ut corrupti quia esse.', 358, 3, 58, '2019-11-25 00:39:04', '2019-11-25 00:39:04'),
(21, 'delectus', 'Ad vitae quis non repellat tempora tempora. Beatae sint provident delectus tempora.', 777, 0, 7, '2019-11-25 00:39:04', '2019-11-25 00:39:04'),
(22, 'praesentium', 'Vel voluptates aut eaque quam. Ut sed et impedit numquam inventore vel harum et. Eveniet nemo veniam nostrum aspernatur ut. Tempore quia rerum dolor consequuntur. Qui enim et eveniet dolore qui est.', 262, 3, 41, '2019-11-25 00:39:04', '2019-11-25 00:39:04'),
(23, 'voluptatem', 'Fuga quas voluptatem consequuntur repellat qui dolores voluptatibus. Non et aspernatur accusamus aut sapiente eum. Voluptatem odio sunt deserunt sit dolorum recusandae sit. Sit velit qui animi omnis vel blanditiis accusamus. Id autem similique voluptate distinctio ut est doloribus eligendi.', 214, 5, 50, '2019-11-25 00:39:04', '2019-11-25 00:39:04'),
(24, 'qui', 'Natus ea quasi placeat est expedita. Ut ducimus quia aut tenetur. Voluptatem incidunt aut dolores et soluta officiis quisquam.', 103, 1, 58, '2019-11-25 00:39:04', '2019-11-25 00:39:04'),
(25, 'corporis', 'Assumenda incidunt eum temporibus aut aut vel. Ipsam dicta quibusdam odit est perspiciatis. Ut eaque officiis ut necessitatibus debitis perspiciatis enim mollitia. Quo repellendus non voluptatem et qui est earum.', 161, 6, 52, '2019-11-25 00:39:04', '2019-11-25 00:39:04'),
(26, 'voluptatem', 'Eum assumenda voluptatem odit laboriosam veritatis non nesciunt. Sit cupiditate doloribus in ex. Est expedita laboriosam voluptates ut doloribus.', 959, 6, 14, '2019-11-25 00:39:04', '2019-11-25 00:39:04'),
(27, 'sunt', 'Qui id nihil et. Natus consequatur et qui eveniet nam illo.', 949, 4, 39, '2019-11-25 00:39:04', '2019-11-25 00:39:04'),
(28, 'ipsam', 'Voluptas vel ut minima minima consequatur est. Nisi voluptas et reiciendis quasi. Molestias eos repudiandae sit velit qui aperiam.', 770, 3, 20, '2019-11-25 00:39:04', '2019-11-25 00:39:04'),
(29, 'beatae', 'Dolores voluptates et id error perferendis. Modi esse labore consequatur ut nobis aliquam et. Vel quia cupiditate optio excepturi facilis. Est molestiae dignissimos praesentium quibusdam iure recusandae modi. Alias sint ut earum.', 139, 5, 34, '2019-11-25 00:39:04', '2019-11-25 00:39:04'),
(30, 'debitis', 'Voluptatum fugit debitis eaque suscipit cum quisquam voluptate numquam. Qui accusamus quam sequi architecto esse. Quia veniam perspiciatis est corporis saepe.', 522, 3, 6, '2019-11-25 00:39:04', '2019-11-25 00:39:04'),
(31, 'qui', 'Quidem voluptatum laboriosam sed nesciunt. Fuga consequatur minima quam ipsum. Tenetur quo vel vel fuga. Et consequuntur iusto optio consequatur harum exercitationem.', 840, 3, 18, '2019-11-25 00:39:04', '2019-11-25 00:39:04'),
(32, 'et', 'In repellendus tempora sapiente dicta. Iusto a officiis ipsum quas quos. Rem corporis reiciendis ad repudiandae vitae eius.', 666, 7, 21, '2019-11-25 00:39:04', '2019-11-25 00:39:04'),
(33, 'voluptas', 'Deleniti distinctio dolores iure sunt magnam incidunt porro. Sit inventore et esse dolorem vitae saepe qui doloribus. Magnam a suscipit numquam quo quasi explicabo. Sunt omnis quos molestias asperiores.', 574, 6, 18, '2019-11-25 00:39:04', '2019-11-25 00:39:04'),
(34, 'velit', 'Vitae commodi culpa vel et architecto expedita veniam. Et enim voluptatem dolorum temporibus ullam. Sequi aut ut ipsum mollitia consequatur culpa fuga.', 560, 7, 40, '2019-11-25 00:39:05', '2019-11-25 00:39:05'),
(35, 'perferendis', 'Quam minus repellat quo autem dicta aperiam dicta. Illum aut enim rerum incidunt. Maxime et at qui quo.', 725, 4, 16, '2019-11-25 00:39:05', '2019-11-25 00:39:05'),
(36, 'fugiat', 'Eligendi impedit ex earum molestiae enim neque. Veritatis distinctio voluptates molestiae ex qui non. Quas ad autem et reiciendis esse. Possimus expedita minima eius molestiae. Sapiente velit est numquam ut.', 124, 3, 41, '2019-11-25 00:39:05', '2019-11-25 00:39:05'),
(37, 'sapiente', 'Praesentium modi rerum dolorem vel illum nihil voluptatum. Voluptatem ipsam eius cum nostrum omnis dolor. Est id corporis tempora accusantium eaque explicabo.', 949, 8, 43, '2019-11-25 00:39:05', '2019-11-25 00:39:05'),
(38, 'voluptatem', 'Sit repellendus at consequatur doloribus qui harum praesentium. Aut velit beatae sapiente dolores sunt qui. Omnis possimus est cumque sequi facere neque eos.', 106, 9, 37, '2019-11-25 00:39:05', '2019-11-25 00:39:05'),
(39, 'itaque', 'Occaecati vel eligendi dolorem iusto eius a. Est sed voluptatem non quia velit cupiditate dolorem. Velit fugiat itaque exercitationem sit.', 803, 6, 60, '2019-11-25 00:39:05', '2019-11-25 00:39:05'),
(40, 'alias', 'Incidunt ullam aut pariatur harum non consequuntur voluptatem. Dolor illo ipsa sed et ut expedita accusamus. Recusandae sed cumque dolorum harum. Eos aut laborum quae earum aut et quis ratione.', 230, 2, 32, '2019-11-25 00:39:05', '2019-11-25 00:39:05'),
(41, 'magni', 'Consectetur quo qui vitae in ad. Sed quibusdam aut soluta voluptatem deserunt. Et ipsum vitae sit amet maiores eveniet. Nesciunt ipsum placeat quas natus. Qui et iusto voluptate voluptatum natus.', 270, 8, 4, '2019-11-25 00:39:05', '2019-11-25 00:39:05'),
(42, 'est', 'Cum numquam quis ut atque beatae quis sit. Non debitis dolores cumque repellat beatae molestiae. Et est hic officia aut quo ea. Reprehenderit voluptate alias dolorem suscipit perspiciatis corporis exercitationem.', 787, 0, 48, '2019-11-25 00:39:05', '2019-11-25 00:39:05'),
(43, 'occaecati', 'Possimus amet porro consequatur odio corrupti laborum omnis. Fugiat inventore qui dolor accusamus pariatur. Qui laboriosam est quos ipsum aliquid culpa illum alias. Incidunt asperiores est deserunt est voluptatem odit explicabo aut.', 444, 1, 41, '2019-11-25 00:39:05', '2019-11-25 00:39:05'),
(44, 'cumque', 'Ipsa ea qui facere quasi. Voluptatem repellendus facere molestias magni deserunt odio. Amet ut recusandae non libero consectetur aut.', 578, 0, 51, '2019-11-25 00:39:05', '2019-11-25 00:39:05'),
(45, 'voluptas', 'Nam nemo sit quia tenetur. Atque ducimus ducimus officia neque rem error quisquam. Et minus sint autem deserunt ea. Est cupiditate cupiditate architecto quisquam.', 894, 3, 3, '2019-11-25 00:39:05', '2019-11-25 00:39:05'),
(46, 'consectetur', 'Earum officiis non voluptas qui est voluptatem velit consequatur. Libero soluta nemo delectus sit. Nemo optio accusantium nihil amet ipsum occaecati eaque. Provident dolorem quibusdam saepe explicabo vitae minus rerum. Omnis soluta et sint cum dolor.', 171, 2, 46, '2019-11-25 00:39:05', '2019-11-25 00:39:05'),
(47, 'et', 'Praesentium qui quidem sit et expedita. Animi sed aut tenetur laboriosam ut placeat qui tenetur. Esse similique consectetur eius qui. Pariatur accusamus ullam quod.', 211, 1, 52, '2019-11-25 00:39:05', '2019-11-25 00:39:05'),
(48, 'iste', 'Animi id tenetur quisquam adipisci quae quia. Aliquam voluptas et pariatur. Id voluptatem cum non sit dolor autem doloribus. Qui nihil corporis qui hic suscipit veritatis similique.', 114, 6, 57, '2019-11-25 00:39:05', '2019-11-25 00:39:05'),
(49, 'dolor', 'Voluptas omnis in ratione totam non. Unde ex dolorum possimus delectus. Dolore nisi voluptatem et harum perspiciatis.', 913, 9, 28, '2019-11-25 00:39:05', '2019-11-25 00:39:05'),
(50, 'et', 'Ea fugiat debitis aut aut animi nihil voluptatibus recusandae. Ut eum impedit magni et sit nesciunt. Qui optio accusamus numquam fuga.', 946, 2, 40, '2019-11-25 00:39:05', '2019-11-25 00:39:05'),
(51, 'tenetur', 'Maiores voluptatibus placeat unde sed et. Sit ipsam voluptatem incidunt deserunt. Quibusdam voluptas a occaecati doloremque eius qui. Occaecati exercitationem et provident nam temporibus.', 295, 9, 59, '2019-11-25 00:39:51', '2019-11-25 00:39:51'),
(52, 'id', 'Rerum quos aut ipsa dolorem dolorem totam occaecati autem. Cupiditate fugit enim quis possimus.', 307, 0, 52, '2019-11-25 00:39:51', '2019-11-25 00:39:51'),
(53, 'rerum', 'Porro sed aliquid enim earum consequuntur pariatur. Ut aspernatur ex minima et non. Qui qui voluptatem voluptas esse praesentium. Aperiam nulla nulla excepturi totam earum nulla quibusdam.', 300, 2, 47, '2019-11-25 00:39:51', '2019-11-25 00:39:51'),
(54, 'error', 'Laborum illum quod autem consequatur. Aut praesentium quam minima magni ut recusandae. Aliquid error accusantium velit doloremque. Omnis iste iste illo corrupti occaecati ullam ipsa.', 909, 3, 23, '2019-11-25 00:39:51', '2019-11-25 00:39:51'),
(55, 'magnam', 'Quidem quibusdam qui expedita sed. Minima omnis voluptate nisi libero sunt quis ex. Similique voluptates libero et error. Hic optio est voluptatem iste.', 210, 7, 44, '2019-11-25 00:39:51', '2019-11-25 00:39:51'),
(56, 'molestiae', 'Sed ut asperiores optio voluptas doloribus recusandae pariatur. Facere et dignissimos accusamus sed unde nam. Dolores ex placeat dolore harum autem esse rerum.', 640, 1, 16, '2019-11-25 00:39:51', '2019-11-25 00:39:51'),
(57, 'inventore', 'Vitae repellat nesciunt et et qui quia. Praesentium ducimus optio hic tenetur placeat. Quaerat rerum perspiciatis facere sint velit corrupti ipsa. Dolor libero culpa animi. Eveniet fugit et praesentium non culpa.', 513, 5, 57, '2019-11-25 00:39:51', '2019-11-25 00:39:51'),
(58, 'sunt', 'Voluptas reprehenderit vero necessitatibus totam et. Aut officia qui rerum et. Ut molestiae nihil rerum debitis ducimus illum veritatis velit. Repellat et veritatis numquam culpa odio laboriosam. Id consequatur et ut eaque iusto voluptatem.', 184, 7, 3, '2019-11-25 00:39:51', '2019-11-25 00:39:51'),
(59, 'cupiditate', 'Nihil nulla sit iste eius aspernatur. Dignissimos doloribus et eligendi quae porro tenetur officia. Minus culpa minus ratione in consectetur nihil. Non similique quod odio.', 462, 6, 27, '2019-11-25 00:39:51', '2019-11-25 00:39:51'),
(60, 'eos', 'Veniam tenetur atque eum illum hic. Omnis inventore tempore quo sint quia veritatis sequi. Voluptatem saepe laudantium necessitatibus qui et eaque. Dolorem cum expedita et.', 342, 7, 41, '2019-11-25 00:39:51', '2019-11-25 00:39:51'),
(61, 'alias', 'Ducimus et minima enim officia nisi in ipsam. Eum ut minima debitis quia. Dolorem nisi illum cupiditate rem qui et dolore vitae. Et ab ut est dolorum ut iusto.', 531, 8, 18, '2019-11-25 00:39:51', '2019-11-25 00:39:51'),
(62, 'voluptas', 'Voluptatem inventore exercitationem est ut earum numquam. Rerum accusantium eum nostrum. Impedit quia magni est unde perferendis.', 111, 2, 59, '2019-11-25 00:39:51', '2019-11-25 00:39:51'),
(63, 'sunt', 'Nulla non ea aut et eum possimus. Omnis nulla quia beatae officia. Nostrum eaque harum omnis voluptatem tempore libero quia. Eum ea ut aut et esse nostrum qui.', 431, 3, 23, '2019-11-25 00:39:51', '2019-11-25 00:39:51'),
(64, 'dignissimos', 'Perspiciatis repudiandae nesciunt ut qui dolor. Aut consequatur nemo est voluptatem sequi. Molestiae fugiat doloremque commodi eligendi quisquam quis.', 386, 2, 16, '2019-11-25 00:39:51', '2019-11-25 00:39:51'),
(65, 'et', 'Unde sed inventore aut provident molestiae. Aliquam debitis aliquid eum facilis. Debitis et molestiae reiciendis laborum fugiat voluptatem.', 327, 9, 34, '2019-11-25 00:39:51', '2019-11-25 00:39:51'),
(66, 'non', 'Voluptatibus illum ut eum itaque. Quia unde magnam labore nesciunt suscipit voluptas. Delectus quis deleniti temporibus quo in. Ullam molestiae maiores nostrum quidem voluptatem soluta.', 197, 3, 33, '2019-11-25 00:39:51', '2019-11-25 00:39:51'),
(67, 'est', 'Ipsam quia est adipisci. Aspernatur sint qui sit magnam voluptas sint. Ea error sunt dolor provident itaque totam.', 680, 6, 46, '2019-11-25 00:39:51', '2019-11-25 00:39:51'),
(68, 'perspiciatis', 'Qui perspiciatis molestiae eveniet omnis aut totam qui dolorum. Non occaecati libero nostrum dolores velit non. Neque repellendus rerum repudiandae. Molestiae explicabo similique velit iure autem eum. Sed voluptas in deserunt et similique quia cupiditate est.', 979, 5, 26, '2019-11-25 00:39:51', '2019-11-25 00:39:51'),
(69, 'culpa', 'Dolor dolor sint laborum nostrum ex ut. Nemo ea fugit consequatur modi id temporibus iste porro. Illo quia tempora est quo numquam omnis omnis. Ut veniam et earum laudantium. Molestias et voluptatum quae quia.', 782, 6, 44, '2019-11-25 00:39:52', '2019-11-25 00:39:52'),
(70, 'necessitatibus', 'Dignissimos id omnis ut et sequi culpa omnis. Laborum nesciunt debitis minus in. Sit nostrum qui quibusdam accusantium quo facilis.', 780, 3, 55, '2019-11-25 00:39:52', '2019-11-25 00:39:52'),
(71, 'ipsum', 'Aliquam qui repellendus atque est aspernatur atque fugit. In fugit et provident magnam voluptatum enim inventore consequatur. Quia deserunt tempore perspiciatis magnam eos fugit.', 759, 3, 13, '2019-11-25 00:39:52', '2019-11-25 00:39:52'),
(72, 'reprehenderit', 'Sequi illo eos enim dolorem error quas sit. Repudiandae voluptatum cumque repellat eos et sit. Non iste dolorem similique necessitatibus culpa velit.', 518, 0, 43, '2019-11-25 00:39:52', '2019-11-25 00:39:52'),
(73, 'nemo', 'Quae officia molestias est itaque maxime laboriosam. Possimus inventore omnis non eum dolorem. Modi voluptatem ducimus nobis aut. Aut ut sed velit nihil.', 212, 8, 21, '2019-11-25 00:39:52', '2019-11-25 00:39:52'),
(74, 'asperiores', 'Minima et aut est est ipsum. Illum est sint laboriosam minima perspiciatis. Quo adipisci est qui quo sint voluptate aut.', 286, 9, 49, '2019-11-25 00:39:52', '2019-11-25 00:39:52'),
(75, 'sit', 'Facilis est similique est natus facilis illum reiciendis. Commodi sunt natus laborum non est excepturi. Est cupiditate sit modi libero. Aut eum voluptatibus voluptatem qui sint.', 775, 5, 32, '2019-11-25 00:39:52', '2019-11-25 00:39:52'),
(76, 'praesentium', 'Sed voluptas et aut hic in omnis. Perferendis exercitationem soluta quia est. Et voluptas atque aut doloribus dolores nam ut officiis.', 475, 4, 32, '2019-11-25 00:39:52', '2019-11-25 00:39:52'),
(77, 'nam', 'Quis omnis voluptatem excepturi illum. Facilis ex voluptas quas magni. Ratione voluptas nulla quis aspernatur in sapiente ex. Temporibus est eos quaerat ipsam quam eligendi necessitatibus. Enim illum adipisci dolores sunt.', 894, 6, 56, '2019-11-25 00:39:52', '2019-11-25 00:39:52'),
(78, 'est', 'Omnis illum atque dolores qui ducimus aut. Amet a quo eum enim est nihil voluptate. Quo officiis aut hic voluptatem accusamus ea sit quod. Velit in necessitatibus aperiam distinctio. Numquam cupiditate ducimus repellendus quod qui velit.', 914, 4, 40, '2019-11-25 00:39:52', '2019-11-25 00:39:52'),
(79, 'totam', 'Eum tenetur voluptatibus doloremque dicta eum aut ab. Quis veniam sed veritatis omnis doloribus dolore. Ipsum fugiat soluta ut temporibus in molestias architecto.', 131, 7, 47, '2019-11-25 00:39:52', '2019-11-25 00:39:52'),
(80, 'in', 'Commodi officia illum natus consequuntur laudantium natus amet. Voluptate quidem odit quia nihil. Qui eum maiores ratione quidem.', 127, 9, 20, '2019-11-25 00:39:52', '2019-11-25 00:39:52'),
(81, 'cum', 'Laudantium qui sint aspernatur ab tempore aliquid et. Aut magni ut quam sit fuga quisquam dignissimos alias. Quisquam minus doloribus rerum debitis nulla voluptas voluptatem incidunt. Qui repudiandae vel voluptate numquam occaecati perferendis.', 230, 6, 48, '2019-11-25 00:39:52', '2019-11-25 00:39:52'),
(82, 'atque', 'Et expedita quidem dolore repudiandae. Aut totam velit aut velit facere sit. Provident voluptatem quidem qui voluptatem quia rerum voluptas. A ex dolorem autem quod nostrum.', 973, 0, 43, '2019-11-25 00:39:52', '2019-11-25 00:39:52'),
(83, 'nobis', 'Qui exercitationem consequatur impedit facilis distinctio. Nihil sed sit voluptatibus nihil provident. Necessitatibus accusantium voluptatem occaecati aspernatur deserunt ex ad. Est esse deserunt neque nisi deleniti ipsam.', 620, 4, 10, '2019-11-25 00:39:52', '2019-11-25 00:39:52'),
(84, 'sed', 'At ullam et nihil nemo molestias dicta laudantium. Odio maiores beatae ut non et iusto ut. Ullam voluptatem quo aut at.', 642, 6, 45, '2019-11-25 00:39:52', '2019-11-25 00:39:52'),
(85, 'molestias', 'Quos natus ipsam rerum et. Ut ut harum consequuntur dicta eos dolores. Fugit quo beatae atque est.', 968, 3, 34, '2019-11-25 00:39:52', '2019-11-25 00:39:52'),
(86, 'qui', 'Praesentium dolor nam autem qui quasi minus. Quisquam ducimus laudantium asperiores nihil et quia nisi. Beatae quia corrupti cumque autem qui.', 808, 4, 36, '2019-11-25 00:39:52', '2019-11-25 00:39:52'),
(87, 'ut', 'Consequuntur quae et autem sint dolores numquam voluptatem nihil. Aut nemo odit numquam recusandae vel aperiam. Dolore ipsum iste quos nostrum dolores cum aspernatur illo. Exercitationem aut ut ipsa quod suscipit ut nesciunt.', 933, 6, 57, '2019-11-25 00:39:52', '2019-11-25 00:39:52'),
(88, 'consequatur', 'Et error doloribus ad et architecto aut. Dolorem excepturi inventore rem molestias rerum. Harum quia veritatis autem aperiam asperiores alias dignissimos quibusdam.', 891, 1, 3, '2019-11-25 00:39:52', '2019-11-25 00:39:52'),
(89, 'aliquid', 'Quaerat autem libero rerum molestiae inventore sunt esse eveniet. Eaque consequatur vero ad dolor molestiae. Totam qui rerum quia voluptatibus delectus consequuntur modi.', 130, 2, 49, '2019-11-25 00:39:52', '2019-11-25 00:39:52'),
(90, 'inventore', 'Molestiae praesentium fuga et. Cumque nulla odio autem. Deleniti beatae voluptatem ipsa rem et. Dolor et nobis dicta odit consequatur voluptatum iusto enim.', 415, 4, 28, '2019-11-25 00:39:52', '2019-11-25 00:39:52'),
(91, 'occaecati', 'Et quo reprehenderit ad consequuntur quam. A omnis eum nesciunt ipsam. Dolorem nobis beatae praesentium quis eum quidem velit. Sit impedit et et quos et quibusdam et.', 540, 5, 50, '2019-11-25 00:39:52', '2019-11-25 00:39:52'),
(92, 'culpa', 'Minima ipsum quia et ut dicta eligendi provident veritatis. Voluptates excepturi voluptatum enim. Eos aut exercitationem omnis consequatur consequatur rerum et. Iure cupiditate sit et dolorem doloremque consequuntur. Reprehenderit eum omnis assumenda doloribus maiores.', 721, 2, 10, '2019-11-25 00:39:52', '2019-11-25 00:39:52'),
(93, 'in', 'Corporis fugiat quam odit ipsam labore nulla. Magni enim fugit autem placeat eos. Autem aut ut tempore.', 106, 4, 50, '2019-11-25 00:39:53', '2019-11-25 00:39:53'),
(94, 'cum', 'Architecto dolores voluptate eum sequi maxime. Iure nostrum et laboriosam. Itaque qui tempora pariatur consequatur nesciunt aut nisi.', 600, 2, 13, '2019-11-25 00:39:53', '2019-11-25 00:39:53'),
(95, 'similique', 'Et voluptate minus iste laborum est incidunt. Dicta perspiciatis dolores possimus qui. Incidunt quaerat distinctio rerum asperiores quisquam quos. Illo labore animi dolor est sunt maxime sapiente.', 313, 5, 34, '2019-11-25 00:39:53', '2019-11-25 00:39:53'),
(96, 'nihil', 'Id repellendus ut qui tempore. Quasi voluptatem modi quod numquam. Voluptatem ad est beatae quas vitae.', 873, 5, 18, '2019-11-25 00:39:53', '2019-11-25 00:39:53'),
(97, 'tempore', 'Et ut saepe praesentium est enim qui. Labore totam recusandae qui voluptatem quia. Tempore nostrum possimus dolores temporibus corporis.', 316, 1, 26, '2019-11-25 00:39:53', '2019-11-25 00:39:53'),
(98, 'aut', 'Dolores quibusdam sed sint distinctio eligendi similique labore. Et odio tempora esse odit minima. Minima maxime eveniet inventore sed possimus accusamus impedit.', 490, 8, 36, '2019-11-25 00:39:53', '2019-11-25 00:39:53'),
(99, 'explicabo', 'Molestiae fuga facere qui perferendis. Consequatur vel eveniet id. Nihil neque aperiam similique officia dolor. Odit libero voluptatum nisi sint.', 411, 0, 58, '2019-11-25 00:39:53', '2019-11-25 00:39:53'),
(100, 'provident', 'Quia nihil officia autem aut ipsum repudiandae et voluptatum. Omnis sunt incidunt et vel sit dolor ipsa. Fugit qui quia voluptas fuga iste. Eveniet sunt voluptatem fugiat sunt est.', 335, 1, 50, '2019-11-25 00:39:53', '2019-11-25 00:39:53'),
(101, 'facilis', 'Rerum itaque velit voluptatibus. Debitis eum quo cupiditate non in quasi.', 419, 5, 57, '2019-11-25 00:41:55', '2019-11-25 00:41:55'),
(102, 'accusantium', 'Illo debitis tempore odit distinctio. Velit recusandae fuga est cum. Eaque est libero error rerum quis.', 551, 5, 12, '2019-11-25 00:41:55', '2019-11-25 00:41:55'),
(103, 'nam', 'Ex error qui itaque eveniet et. Ab sapiente illo consectetur animi officiis vitae velit voluptatum. Quo tenetur a amet illo provident. Velit voluptas rem pariatur placeat quia a.', 393, 7, 41, '2019-11-25 00:41:55', '2019-11-25 00:41:55'),
(104, 'consequatur', 'Nulla sed aspernatur porro accusamus. Inventore sed itaque ducimus et incidunt adipisci. Ipsa in doloremque nihil omnis sint. Quaerat minus temporibus aut modi iste.', 760, 7, 36, '2019-11-25 00:41:55', '2019-11-25 00:41:55'),
(105, 'dolore', 'Sit eum et similique voluptate. Qui minima dolore exercitationem. Qui aut laboriosam ducimus. Qui aut exercitationem qui laudantium cum aut.', 129, 8, 51, '2019-11-25 00:41:55', '2019-11-25 00:41:55'),
(106, 'quia', 'Odit vel maiores quas corrupti corrupti. Recusandae dolor odio voluptatum tenetur quis natus. Sit eum minus excepturi quas rerum expedita ab qui.', 302, 1, 22, '2019-11-25 00:41:55', '2019-11-25 00:41:55'),
(107, 'ea', 'Exercitationem nostrum consectetur quod mollitia. Eos maxime est voluptatem ipsa est velit omnis. Non autem rerum id nobis ut.', 462, 7, 12, '2019-11-25 00:41:55', '2019-11-25 00:41:55'),
(108, 'ut', 'Voluptatem quisquam odit placeat corporis sunt voluptas provident. Illum aut rerum voluptatibus accusamus sit. Magnam est aliquam ipsam quia placeat ut et. Iure et atque maxime ea.', 753, 7, 23, '2019-11-25 00:41:55', '2019-11-25 00:41:55'),
(109, 'esse', 'Unde placeat incidunt blanditiis. Eum omnis delectus et rerum ut voluptatem illo. Quae ratione ut ducimus nostrum et libero.', 971, 0, 58, '2019-11-25 00:41:55', '2019-11-25 00:41:55'),
(110, 'quia', 'Rerum maxime quos repudiandae et deleniti. Illo est possimus omnis doloribus saepe. Quos aliquam blanditiis pariatur a.', 645, 1, 23, '2019-11-25 00:41:55', '2019-11-25 00:41:55'),
(111, 'impedit', 'Nostrum nulla et vero blanditiis voluptatem. Architecto eos et dolorem doloremque mollitia. Eligendi facere est ut iusto atque odit quod. Consequatur molestiae sed in.', 891, 1, 9, '2019-11-25 00:41:55', '2019-11-25 00:41:55'),
(112, 'optio', 'Et deleniti voluptatem numquam nemo. Voluptatem ab deserunt id ut odio repellat. Voluptate qui aut sed assumenda consequatur distinctio animi. Earum repellendus quia perferendis.', 377, 8, 56, '2019-11-25 00:41:55', '2019-11-25 00:41:55'),
(113, 'nam', 'Velit eveniet beatae cum eos omnis. Esse ut eveniet et in eveniet ut est at.', 585, 6, 45, '2019-11-25 00:41:55', '2019-11-25 00:41:55'),
(114, 'quasi', 'Eos sed eum consequatur non. Deserunt veritatis sed sint ullam sequi. Expedita ut et hic adipisci minima.', 116, 8, 22, '2019-11-25 00:41:55', '2019-11-25 00:41:55'),
(115, 'nihil', 'Excepturi dolores quidem voluptatem et. Commodi perferendis neque odio alias officia officiis recusandae. Dolore ut omnis ad aut consequatur dicta. Doloribus nobis sed fugiat necessitatibus magni exercitationem. Sit quo illo non cupiditate labore facilis occaecati iure.', 229, 9, 28, '2019-11-25 00:41:56', '2019-11-25 00:41:56'),
(116, 'corporis', 'Non quas corporis rerum nihil. Eos sit ut nihil. Nostrum numquam voluptate iusto sed quod qui eum.', 876, 0, 56, '2019-11-25 00:41:56', '2019-11-25 00:41:56'),
(117, 'maiores', 'Atque eius exercitationem in doloribus. Officia sed aperiam esse hic. Dolore enim accusantium porro nobis vitae et soluta.', 487, 5, 31, '2019-11-25 00:41:56', '2019-11-25 00:41:56'),
(118, 'commodi', 'Accusamus id et dolore. Quod aut voluptatibus voluptatum consequatur. Ut voluptas aperiam qui perferendis. Provident aut ea ea qui qui suscipit.', 456, 4, 14, '2019-11-25 00:41:56', '2019-11-25 00:41:56'),
(119, 'totam', 'Accusamus esse sit sed voluptate officia architecto. Odit cumque labore ut totam ipsum. Libero molestiae ea adipisci fuga temporibus laudantium nisi. Commodi et consectetur excepturi sunt eaque.', 731, 4, 3, '2019-11-25 00:41:56', '2019-11-25 00:41:56'),
(120, 'porro', 'Placeat minus sint voluptatem ullam error consequatur. Assumenda hic quis odit. Accusamus vitae consequatur consectetur excepturi sed ipsam. Facere sed consectetur et eum commodi voluptates odit sunt.', 779, 2, 25, '2019-11-25 00:41:56', '2019-11-25 00:41:56'),
(121, 'aliquam', 'Harum at neque voluptas. Est sed tempora ducimus ea tempore aut iusto. Asperiores fugit quidem aperiam et est delectus. Est illum minima voluptas autem. Voluptas eos architecto quos sit soluta porro dolor esse.', 137, 0, 59, '2019-11-25 00:41:56', '2019-11-25 00:41:56'),
(122, 'et', 'Voluptatem corporis aut natus odit quia voluptas numquam. Nam tempora praesentium accusantium qui aliquam dolor. Facilis ut et harum est et quidem. Aspernatur saepe inventore iste qui.', 549, 8, 60, '2019-11-25 00:41:56', '2019-11-25 00:41:56'),
(123, 'laboriosam', 'Et aliquam minima aut voluptatem. Sapiente atque eum aut minima totam est. Ex est culpa nesciunt deserunt pariatur reprehenderit voluptas. Ipsa vel alias eum in maiores pariatur eius.', 405, 7, 5, '2019-11-25 00:41:56', '2019-11-25 00:41:56'),
(124, 'sapiente', 'Et ut et est consequatur culpa a reprehenderit. Recusandae ut molestias sunt a itaque. Non omnis consequatur veniam ab. Alias voluptatem repellendus nostrum qui tempore aliquam.', 180, 5, 59, '2019-11-25 00:41:56', '2019-11-25 00:41:56'),
(125, 'placeat', 'Sint tempora est sit rerum perspiciatis ex. Eius nam deserunt similique aut est perferendis. Dolore ut assumenda sapiente voluptatem.', 978, 6, 48, '2019-11-25 00:41:56', '2019-11-25 00:41:56'),
(126, 'distinctio', 'Suscipit est in quia et perferendis ab ut ab. Autem voluptatum iusto laboriosam exercitationem ullam repellendus veritatis. Voluptatibus consequatur qui molestiae. Labore in odio possimus quia accusamus.', 895, 2, 33, '2019-11-25 00:41:56', '2019-11-25 00:41:56'),
(127, 'et', 'Occaecati provident voluptatem veritatis dolorem beatae eligendi rem. Repellendus cum et provident quia amet. Quis reprehenderit quis itaque non veritatis.', 984, 7, 60, '2019-11-25 00:41:56', '2019-11-25 00:41:56'),
(128, 'cumque', 'Officia molestias molestias maiores molestiae voluptas alias commodi dolorum. Alias sequi ipsam molestiae soluta quo repellendus et. Maxime adipisci est non quas dolorum qui. Voluptas soluta magnam perspiciatis magnam rem tempore deserunt.', 824, 4, 44, '2019-11-25 00:41:56', '2019-11-25 00:41:56'),
(129, 'optio', 'Qui maiores quia velit qui. Odio non fuga et molestias suscipit at architecto. Repellat qui labore id tempora enim.', 429, 0, 16, '2019-11-25 00:41:56', '2019-11-25 00:41:56'),
(130, 'maxime', 'Rerum qui dolorem modi voluptatum autem non unde. Dicta ut repellat omnis beatae placeat minus. Libero est velit quia similique alias deserunt. Sint sint fugiat dicta.', 958, 5, 23, '2019-11-25 00:41:56', '2019-11-25 00:41:56'),
(131, 'ipsam', 'Suscipit velit consectetur distinctio deleniti harum quia. Et omnis vel ratione voluptates architecto qui blanditiis. Dolores maxime aut dolor ducimus nobis. Veniam reprehenderit adipisci ipsam tempore doloremque saepe vel illo.', 629, 7, 41, '2019-11-25 00:41:56', '2019-11-25 00:41:56'),
(132, 'qui', 'Tempora iusto enim consequatur fuga ullam culpa. Voluptatibus enim veniam excepturi.', 852, 7, 60, '2019-11-25 00:41:56', '2019-11-25 00:41:56'),
(133, 'rerum', 'In nemo molestiae necessitatibus sint enim animi. Est et occaecati nulla et possimus. Eos perferendis nulla dignissimos qui ut.', 185, 6, 25, '2019-11-25 00:41:56', '2019-11-25 00:41:56'),
(134, 'eligendi', 'Dolor laborum sapiente quo veniam. Non iusto in sed repellat eum deserunt ex aliquam. Est rem explicabo aperiam hic in pariatur dolorum. Eum veritatis asperiores beatae a illo quisquam dolorem sed. Et eos reprehenderit dolorem id debitis minus ut.', 179, 9, 7, '2019-11-25 00:41:56', '2019-11-25 00:41:56'),
(135, 'dolorum', 'In vero sed tenetur molestias corrupti commodi. Aliquid quia odit voluptate eligendi in. Corporis corporis tempora placeat quia ratione eum.', 168, 4, 48, '2019-11-25 00:41:56', '2019-11-25 00:41:56'),
(136, 'autem', 'Cumque eos sed voluptas voluptatem dignissimos. Expedita est excepturi odio esse et enim voluptas. In necessitatibus beatae ut.', 788, 2, 18, '2019-11-25 00:41:56', '2019-11-25 00:41:56'),
(137, 'praesentium', 'Est dolor natus exercitationem tempora incidunt et. Ipsam libero ab velit aliquam sed. Molestias doloremque quidem sit.', 714, 9, 25, '2019-11-25 00:41:56', '2019-11-25 00:41:56'),
(138, 'vitae', 'Architecto voluptas libero perspiciatis labore et eligendi incidunt nobis. Natus debitis illum et dolorem eligendi earum.', 154, 1, 60, '2019-11-25 00:41:56', '2019-11-25 00:41:56'),
(139, 'rerum', 'Labore rerum ipsam modi reiciendis eum sit. Rerum voluptatem quae consequatur magnam. Aut nemo repellat sed. Facilis aut eaque quas.', 730, 3, 33, '2019-11-25 00:41:56', '2019-11-25 00:41:56'),
(140, 'dolor', 'Officiis incidunt consequatur voluptate delectus expedita ad. Dolores perspiciatis temporibus et nisi unde tempore consequatur. Ut expedita quis rem in. Omnis eius sunt fuga at vero voluptas nam.', 557, 3, 60, '2019-11-25 00:41:56', '2019-11-25 00:41:56'),
(141, 'numquam', 'Eaque nihil voluptates nulla. Ab asperiores fugiat dolor culpa omnis ipsum. Eveniet deleniti quo placeat minima eaque. Repellendus amet dignissimos unde architecto aut sed repellat.', 672, 0, 48, '2019-11-25 00:41:56', '2019-11-25 00:41:56'),
(142, 'blanditiis', 'Consequuntur nobis quis non laboriosam. Nesciunt aut velit voluptatem dolorum. Illum sit maiores tempora voluptatum in molestiae. Earum debitis nam omnis.', 144, 0, 5, '2019-11-25 00:41:56', '2019-11-25 00:41:56'),
(143, 'culpa', 'Et accusantium labore qui tempore quo similique. Ullam libero veniam qui et. Provident occaecati laborum modi odit adipisci. Quaerat accusamus deleniti enim ullam aut ut.', 835, 9, 5, '2019-11-25 00:41:56', '2019-11-25 00:41:56'),
(144, 'est', 'Tenetur eos numquam pariatur consequuntur qui. Distinctio similique odio dolores laborum quia rerum perspiciatis. Saepe earum autem animi quidem ab. Facere debitis ab non qui consequatur ut nihil. Excepturi recusandae voluptatem est et perferendis animi.', 630, 3, 46, '2019-11-25 00:41:57', '2019-11-25 00:41:57'),
(145, 'non', 'Voluptas molestiae dolorem est quisquam. Quam veniam enim hic tempora cumque. Facere at in quos esse. Exercitationem blanditiis architecto et est sunt veniam maiores.', 387, 5, 3, '2019-11-25 00:41:57', '2019-11-25 00:41:57'),
(146, 'nihil', 'Quia delectus illo placeat. Est quisquam sunt est inventore qui qui voluptatem qui. Ullam quos voluptatem quis totam autem et.', 717, 3, 16, '2019-11-25 00:41:57', '2019-11-25 00:41:57'),
(147, 'unde', 'Doloribus est modi odit eligendi dolorum deleniti. Magni nobis culpa ut quos dolorum.', 433, 0, 53, '2019-11-25 00:41:57', '2019-11-25 00:41:57'),
(148, 'enim', 'Ut eaque ut impedit et sed. Culpa aspernatur ab nisi itaque. Animi sit ut quas voluptatem perspiciatis velit reiciendis. Fugit corporis voluptatem et molestias dignissimos.', 290, 9, 5, '2019-11-25 00:41:57', '2019-11-25 00:41:57'),
(149, 'eveniet', 'Rem unde in quas quas iure. Est laboriosam voluptas nulla tenetur. Doloremque dolores quidem distinctio eveniet aspernatur dolorem aut. Et itaque sapiente aspernatur vel. Corrupti quaerat quia sequi veniam deleniti rerum aut impedit.', 235, 4, 41, '2019-11-25 00:41:57', '2019-11-25 00:41:57'),
(150, 'recusandae', 'Natus beatae consequuntur soluta aut nisi. Rem aliquid provident sapiente occaecati veniam voluptatem.', 722, 9, 38, '2019-11-25 00:41:57', '2019-11-25 00:41:57');

-- --------------------------------------------------------

--
-- Table structure for table `reviews`
--

CREATE TABLE `reviews` (
  `id` bigint(20) UNSIGNED NOT NULL,
  `product_id` int(10) UNSIGNED NOT NULL,
  `customer` varchar(255) COLLATE utf8mb4_unicode_ci NOT NULL,
  `review` text COLLATE utf8mb4_unicode_ci NOT NULL,
  `star` int(11) NOT NULL,
  `created_at` timestamp NULL DEFAULT NULL,
  `updated_at` timestamp NULL DEFAULT NULL
) ENGINE=InnoDB DEFAULT CHARSET=utf8mb4 COLLATE=utf8mb4_unicode_ci;

--
-- Dumping data for table `reviews`
--

INSERT INTO `reviews` (`id`, `product_id`, `customer`, `review`, `star`, `created_at`, `updated_at`) VALUES
(1, 22, 'Obie Hettinger', 'Voluptatibus neque vel neque delectus. Quos modi tempora qui reiciendis fuga. Veritatis natus reprehenderit sunt sint omnis aut. Soluta numquam voluptas tempora qui omnis.', 1, '2019-11-25 00:41:58', '2019-11-25 00:41:58'),
(2, 96, 'Simone Ruecker Sr.', 'Dolores eveniet cum ratione maxime dolorem. Suscipit quia porro porro consequatur. Ut fuga magni magnam adipisci.', 4, '2019-11-25 00:41:58', '2019-11-25 00:41:58'),
(3, 33, 'Vivienne Wilkinson', 'Sit quia alias totam est aut nobis. Sunt culpa reiciendis voluptas qui et. Est quisquam amet molestias omnis porro incidunt qui et.', 0, '2019-11-25 00:41:58', '2019-11-25 00:41:58'),
(4, 141, 'Karelle Rau', 'Eum beatae est eius accusantium et et adipisci et. Sit eum magnam dolor ullam quae accusamus. Voluptatum commodi molestiae quis.', 3, '2019-11-25 00:41:58', '2019-11-25 00:41:58'),
(5, 104, 'Hugh Wisozk', 'Molestiae magnam voluptate harum itaque occaecati reprehenderit adipisci laboriosam. Deserunt sed consequatur et aperiam nihil reiciendis porro. Consectetur placeat ipsa veniam accusantium.', 2, '2019-11-25 00:41:58', '2019-11-25 00:41:58'),
(6, 146, 'Raleigh Treutel', 'Architecto omnis ut modi voluptatem dolores nobis quia. Error facere est repudiandae optio. Tenetur porro odio odio velit et voluptatem.', 1, '2019-11-25 00:41:58', '2019-11-25 00:41:58'),
(7, 7, 'Mr. Vicente Halvorson IV', 'Sint ut nihil consequatur fugit maiores. Quia delectus iste fuga maiores. Aut consequatur id explicabo dolores amet quod autem aperiam.', 3, '2019-11-25 00:41:58', '2019-11-25 00:41:58'),
(8, 130, 'Elva Weissnat', 'Exercitationem voluptatum possimus facere at. Laudantium occaecati minima animi maxime aliquam maiores rem. Rem reiciendis non sunt et at. Temporibus eaque illum iusto cupiditate tempore ut quo.', 3, '2019-11-25 00:41:58', '2019-11-25 00:41:58'),
(9, 99, 'Roma Kautzer', 'Vitae eos quis voluptatem ad aliquid corporis numquam. Iure quia adipisci illum soluta ab et. Temporibus est architecto doloribus mollitia aut pariatur. Beatae maxime ab animi aliquid ut illum.', 2, '2019-11-25 00:41:58', '2019-11-25 00:41:58'),
(10, 139, 'Prof. Riley Casper IV', 'Sed voluptatem debitis adipisci vero est ut. Quidem sint omnis ut fugit incidunt. Necessitatibus beatae exercitationem a sit debitis et.', 4, '2019-11-25 00:41:58', '2019-11-25 00:41:58'),
(11, 129, 'Gretchen Cole', 'Dolores fugiat aperiam sunt voluptates id dolor. Voluptatem est velit autem enim. Recusandae quae velit numquam excepturi laudantium tempora. Omnis officiis porro minus sed.', 1, '2019-11-25 00:41:58', '2019-11-25 00:41:58'),
(12, 63, 'Wilburn Hoppe', 'Natus delectus molestiae dolorem. Illo eaque beatae commodi unde adipisci. Totam doloribus dicta laborum eaque cum soluta voluptas aliquam. Labore et quae autem ea odio minima.', 2, '2019-11-25 00:41:58', '2019-11-25 00:41:58'),
(13, 118, 'Lily Gorczany', 'Voluptatem vel aliquid laborum veritatis quis. Fuga sint magnam delectus corporis sint voluptas ipsam. Provident ipsum recusandae dignissimos excepturi et. Soluta necessitatibus culpa nam ut laboriosam nesciunt animi.', 0, '2019-11-25 00:41:58', '2019-11-25 00:41:58'),
(14, 94, 'Dr. Faye Cassin DDS', 'Qui quo ipsum ut. Et odit harum aut minima perferendis neque et. Laboriosam quia error nihil tempora nihil at vero.', 3, '2019-11-25 00:41:58', '2019-11-25 00:41:58'),
(15, 95, 'Adrien Bartoletti', 'Rerum asperiores eos quasi nemo. Ut animi non accusamus perspiciatis maiores. Voluptate aut et animi qui et repudiandae.', 4, '2019-11-25 00:41:58', '2019-11-25 00:41:58'),
(16, 41, 'Jerry Raynor', 'Sint recusandae molestias laboriosam nihil. A qui qui incidunt sapiente delectus culpa.', 2, '2019-11-25 00:41:58', '2019-11-25 00:41:58'),
(17, 77, 'Mr. Vidal Abshire', 'Et nam fugit laudantium possimus. Facere vitae eos nobis dolores.', 2, '2019-11-25 00:41:58', '2019-11-25 00:41:58'),
(18, 62, 'Savanah Friesen', 'Laudantium cum suscipit occaecati asperiores. Consequuntur enim id unde veritatis. At similique sint dolores non aut autem. Dolores perferendis eum dignissimos sequi dolore aut vel.', 5, '2019-11-25 00:41:58', '2019-11-25 00:41:58'),
(19, 4, 'Juana Klocko', 'Eaque eius et sunt qui eaque temporibus officia. Esse ut qui minus quam. In sint quas eligendi.', 1, '2019-11-25 00:41:58', '2019-11-25 00:41:58'),
(20, 136, 'Prof. Guillermo Berge', 'Sapiente vel earum dolorem quidem. Dolorem quia dicta neque dolorem consequatur quod cum. Tenetur ut odio et dignissimos asperiores officiis quasi. Accusamus incidunt et vel non.', 3, '2019-11-25 00:41:58', '2019-11-25 00:41:58'),
(21, 34, 'Taryn Trantow', 'Voluptatum et dolores asperiores repellendus occaecati nam et. Voluptas quis perferendis quo officiis eveniet inventore. Rerum voluptatem deserunt itaque illo fuga sed.', 3, '2019-11-25 00:41:58', '2019-11-25 00:41:58'),
(22, 122, 'Prof. Camila Stokes II', 'Ut earum aut molestiae minus libero exercitationem et. Ut odio iure debitis aut saepe laboriosam laudantium.', 3, '2019-11-25 00:41:58', '2019-11-25 00:41:58'),
(23, 20, 'Gilda Klein', 'Dolorem voluptatum cumque deleniti rem. Hic ut iusto officia sed unde eum facilis. Deleniti et rerum et ad quam similique dolor. Qui et rem molestiae aut quibusdam ut.', 3, '2019-11-25 00:41:58', '2019-11-25 00:41:58'),
(24, 109, 'Marlen Rogahn', 'Ipsum est minus dolor quam. Iste voluptatem similique incidunt qui et molestiae. Eveniet ipsam velit delectus officia. Quae debitis est error itaque repellat.', 1, '2019-11-25 00:41:58', '2019-11-25 00:41:58'),
(25, 15, 'Misael Becker', 'Beatae deleniti asperiores doloremque voluptate. Molestiae laborum ut animi ut laudantium provident quis ut.', 4, '2019-11-25 00:41:58', '2019-11-25 00:41:58'),
(26, 28, 'Sanford Herzog', 'Impedit laborum sint qui odit qui rerum dolores iure. Adipisci omnis reiciendis odio officiis rerum repellendus sit praesentium. Impedit sed odit ut dolor. Tempore earum quos maxime ut quis.', 2, '2019-11-25 00:41:58', '2019-11-25 00:41:58'),
(27, 14, 'Mireya Hudson', 'Suscipit quis assumenda aut eos. Quaerat culpa perspiciatis delectus voluptatum consequatur velit quae sint.', 3, '2019-11-25 00:41:58', '2019-11-25 00:41:58'),
(28, 62, 'Rico Lesch', 'Pariatur rerum unde aliquam eligendi. Et voluptates quae non quae. Quam repellendus eveniet tempora vel voluptas optio qui harum. Porro sunt occaecati et.', 5, '2019-11-25 00:41:58', '2019-11-25 00:41:58'),
(29, 65, 'Miss Virginie Legros', 'Eum neque est laudantium qui dolor et. Est est voluptas dolores atque in. Molestiae ducimus tempore ut nobis maxime est totam optio. Velit et error ut quam eum ab voluptatem velit.', 4, '2019-11-25 00:41:58', '2019-11-25 00:41:58'),
(30, 14, 'Dr. Leila Raynor II', 'Natus assumenda doloribus est quas delectus. Sit perferendis hic a ab nam illo. Aperiam sunt dicta ipsum et.', 4, '2019-11-25 00:41:58', '2019-11-25 00:41:58'),
(31, 32, 'Miss Maureen Doyle', 'Quia similique laudantium ut animi. Debitis ea omnis aut debitis velit aliquid voluptas ut. Vitae adipisci veritatis a voluptas dicta doloremque voluptatem.', 3, '2019-11-25 00:41:59', '2019-11-25 00:41:59'),
(32, 147, 'Marvin Pollich', 'Id error dolores aut praesentium consequuntur alias. Hic vel eaque et et. Consequuntur inventore voluptates nemo nulla est. Itaque doloribus debitis quo nihil.', 2, '2019-11-25 00:41:59', '2019-11-25 00:41:59'),
(33, 27, 'Mr. Chauncey Walker', 'Reprehenderit accusantium corrupti totam. Veniam doloremque quasi enim corrupti et nisi eaque. Pariatur similique ea necessitatibus aut aut.', 0, '2019-11-25 00:41:59', '2019-11-25 00:41:59'),
(34, 50, 'Dr. Bridie Legros IV', 'Quae et qui dignissimos rem. Ullam mollitia nisi commodi reiciendis blanditiis. Molestiae laudantium totam quaerat voluptatem culpa dolore et. Velit quo sed repudiandae sit.', 0, '2019-11-25 00:41:59', '2019-11-25 00:41:59'),
(35, 39, 'Salvador Kuhn', 'Pariatur ea cum quis officiis est quis. Ut facilis assumenda aut velit totam maxime sequi eius. Est explicabo aut vel repellat. Aut esse ut non fugit iusto. Minima porro rerum quam inventore.', 5, '2019-11-25 00:41:59', '2019-11-25 00:41:59'),
(36, 148, 'Kaci Schiller', 'Ut assumenda deleniti dolore numquam asperiores ratione facilis. Omnis sit doloribus nemo autem. Temporibus recusandae dolorem iure odit et magnam totam dolores.', 2, '2019-11-25 00:41:59', '2019-11-25 00:41:59'),
(37, 24, 'Terrance Cartwright', 'Ex nihil autem alias ut dolore aliquid. Aut repudiandae sapiente labore nemo quia. Qui et voluptatem qui doloribus.', 2, '2019-11-25 00:41:59', '2019-11-25 00:41:59'),
(38, 89, 'Max Nicolas', 'Similique harum est voluptas. Nostrum amet et porro et. Veritatis dolor vero rerum enim placeat velit nulla.', 4, '2019-11-25 00:41:59', '2019-11-25 00:41:59'),
(39, 72, 'Aniya Von', 'Doloremque saepe ut quo ut maiores eveniet. Officiis id aut et dolor tenetur dolores dicta laboriosam. Aliquam exercitationem nesciunt occaecati non. Nesciunt sint illo quis totam explicabo deleniti.', 0, '2019-11-25 00:41:59', '2019-11-25 00:41:59'),
(40, 108, 'Horace Hill', 'Rerum cumque culpa omnis fugiat esse cum necessitatibus. Adipisci doloribus eum cupiditate et dolorem. Aut voluptate excepturi minima voluptatem.', 3, '2019-11-25 00:41:59', '2019-11-25 00:41:59'),
(41, 78, 'Dr. Jaunita Yost', 'Aliquam ea minus est est. Unde asperiores doloribus dolores eius dolorem id non. Et vel culpa ex.', 0, '2019-11-25 00:41:59', '2019-11-25 00:41:59'),
(42, 18, 'Prof. Ilene Denesik', 'Eos provident neque dolores occaecati aut impedit. Corporis nobis voluptate sequi culpa qui in eligendi.', 5, '2019-11-25 00:41:59', '2019-11-25 00:41:59'),
(43, 118, 'Mr. Adriel Stokes', 'Nulla eligendi quia fugit et. Autem at dolorum rerum nulla inventore excepturi. Alias molestiae provident voluptates excepturi placeat.', 0, '2019-11-25 00:41:59', '2019-11-25 00:41:59'),
(44, 117, 'Prof. Tyrell White', 'Adipisci aspernatur delectus praesentium quis. Et nostrum velit recusandae cum. Voluptas quis nihil fuga eligendi. Excepturi molestiae in minima. Atque odio mollitia minima vel inventore suscipit.', 4, '2019-11-25 00:41:59', '2019-11-25 00:41:59'),
(45, 137, 'Rachel Emmerich II', 'Ipsam commodi nobis quasi voluptas consequatur voluptas itaque. Quia aut vel perspiciatis iusto est reprehenderit quidem. Dicta voluptatem voluptate dolor magnam tempore cum laborum. Repellendus earum neque ex repellat velit fuga.', 1, '2019-11-25 00:41:59', '2019-11-25 00:41:59'),
(46, 82, 'Dewitt Yost', 'Neque aut labore voluptas numquam quo molestias. Voluptatem et iure nihil consequatur nostrum. Officia officia iure et sunt placeat sed voluptas. Harum a est eos.', 4, '2019-11-25 00:41:59', '2019-11-25 00:41:59'),
(47, 130, 'Mozell Bayer', 'Voluptatem voluptatibus error omnis minima. Quis rerum vitae aut ut quia. Illum maxime voluptas blanditiis sit quis ullam sapiente.', 0, '2019-11-25 00:41:59', '2019-11-25 00:41:59'),
(48, 90, 'Liliane Predovic', 'Est qui qui maiores quae eius molestiae ducimus. Nesciunt eum tenetur repellat sunt tempore similique eos. Cum ut totam occaecati officia minus quo est voluptates. Similique rem quibusdam dolores eius quidem in.', 4, '2019-11-25 00:41:59', '2019-11-25 00:41:59'),
(49, 43, 'Mr. Jettie Fisher', 'Vero culpa dolorem qui voluptatem qui. Possimus suscipit molestiae aliquid est sit ipsum voluptas.', 5, '2019-11-25 00:41:59', '2019-11-25 00:41:59'),
(50, 85, 'Orrin Grant', 'Doloremque cum recusandae veniam vero soluta. Facilis et architecto a nihil corrupti amet. Illo quam eum numquam omnis. Reiciendis qui dolores inventore iure doloremque et veritatis.', 3, '2019-11-25 00:41:59', '2019-11-25 00:41:59'),
(51, 18, 'Enola Graham', 'Ipsa distinctio numquam voluptatum aut. Dolorem ad consequatur animi excepturi ut et hic. Qui adipisci provident iusto deserunt dignissimos quia reiciendis.', 1, '2019-11-25 00:41:59', '2019-11-25 00:41:59'),
(52, 58, 'Angelo Haley DVM', 'Qui porro at dignissimos dolorem sunt tempora vero. Qui dolor recusandae non mollitia voluptas. Ut temporibus sapiente voluptas in quisquam.', 3, '2019-11-25 00:41:59', '2019-11-25 00:41:59'),
(53, 12, 'Arvilla Keeling', 'Qui sint nemo voluptatem nulla ea provident. Quod molestias velit et et quibusdam voluptas. Omnis voluptas quod eaque ea quis temporibus.', 4, '2019-11-25 00:41:59', '2019-11-25 00:41:59'),
(54, 77, 'Sarina Keeling PhD', 'Id ut voluptas qui. Fugiat enim deserunt est. Minus et commodi et ut eos provident.', 2, '2019-11-25 00:41:59', '2019-11-25 00:41:59'),
(55, 117, 'Mrs. Margie Grady', 'Quod fuga nobis nesciunt sed dolor. Eos ea et commodi non doloremque.', 2, '2019-11-25 00:41:59', '2019-11-25 00:41:59'),
(56, 15, 'Robert Abbott', 'Beatae odio quasi ut ut laborum. Autem non porro quia earum maiores.', 5, '2019-11-25 00:41:59', '2019-11-25 00:41:59'),
(57, 97, 'Emely Stark', 'Rerum eos est numquam assumenda adipisci cupiditate. Itaque sapiente rem perspiciatis expedita maiores voluptatem. Tempore incidunt dolor enim repellat itaque quo odio.', 3, '2019-11-25 00:41:59', '2019-11-25 00:41:59'),
(58, 147, 'Alford Turcotte', 'Dolore non accusantium tenetur ut praesentium excepturi quia laborum. Eius laboriosam est autem optio. Quos assumenda nihil rerum sequi numquam sed dignissimos.', 4, '2019-11-25 00:41:59', '2019-11-25 00:41:59'),
(59, 98, 'Dr. Cary Nienow', 'Voluptatibus accusantium consequatur molestiae consequatur voluptas ut. Iste cumque molestiae deserunt est. Veniam provident sunt aut dolore voluptas. Explicabo eos odio et officiis quia libero et.', 1, '2019-11-25 00:41:59', '2019-11-25 00:41:59'),
(60, 119, 'Ms. Lulu Kuvalis PhD', 'Dolores ipsam est occaecati ipsa ex distinctio ipsam impedit. Ea vitae iusto vero quibusdam neque. Saepe velit aut et nobis unde minus eos illo.', 2, '2019-11-25 00:41:59', '2019-11-25 00:41:59'),
(61, 16, 'Kathleen Hirthe', 'Molestiae facere alias omnis voluptates. Quis a voluptas mollitia qui rerum dolorem tempore. Exercitationem est vero optio repellat.', 2, '2019-11-25 00:41:59', '2019-11-25 00:41:59'),
(62, 84, 'Stacey McDermott', 'Assumenda exercitationem illo in aperiam necessitatibus est error. Deserunt reiciendis labore rem ut voluptatum corrupti quibusdam. Libero occaecati reprehenderit et illum nisi aperiam. Consequatur quidem cumque nulla ea eaque in eos.', 0, '2019-11-25 00:41:59', '2019-11-25 00:41:59'),
(63, 64, 'Dr. Alda Flatley DVM', 'Molestias aliquam sed quis velit maxime nemo et. Reiciendis sed consequatur incidunt occaecati. Ad fuga veniam ea similique eligendi voluptatem.', 0, '2019-11-25 00:41:59', '2019-11-25 00:41:59'),
(64, 42, 'Dr. Annabell Quigley PhD', 'Dolor nesciunt alias voluptatibus sit saepe quia et. Sunt magni ut quo. Eaque voluptas facilis distinctio.', 1, '2019-11-25 00:41:59', '2019-11-25 00:41:59'),
(65, 113, 'Lauriane Quigley III', 'Autem quas aliquam at expedita. Consectetur voluptatem nemo debitis sapiente. Nesciunt aliquam quia cupiditate ut.', 3, '2019-11-25 00:41:59', '2019-11-25 00:41:59'),
(66, 134, 'Travon Bergstrom', 'At voluptas sit doloremque ut commodi accusantium. Nesciunt autem dolorem sunt et fugit sunt. Aliquam doloribus aut adipisci velit omnis officia placeat.', 1, '2019-11-25 00:41:59', '2019-11-25 00:41:59'),
(67, 133, 'Miss Ellie Denesik', 'At voluptas aperiam voluptatem corporis ab. Asperiores dolorum quia adipisci voluptas magnam.', 4, '2019-11-25 00:41:59', '2019-11-25 00:41:59'),
(68, 62, 'Freddy Rodriguez', 'Inventore non et voluptas nobis sit minus aperiam. Tenetur magnam sed aut nihil et ipsum. Dolorum eos velit voluptatem illum dolores ea maxime.', 3, '2019-11-25 00:41:59', '2019-11-25 00:41:59'),
(69, 137, 'Mr. Jarvis Kub PhD', 'Est nemo voluptatibus qui inventore non qui similique molestiae. Quo id aut et non est. Exercitationem dolores quas nam eos voluptates amet.', 5, '2019-11-25 00:41:59', '2019-11-25 00:41:59'),
(70, 64, 'Mr. Darrick Dibbert MD', 'Ipsa quasi dolores dolorem voluptas fuga. Est fuga quas qui delectus quis. Distinctio qui earum ratione pariatur enim aliquid tempore.', 3, '2019-11-25 00:41:59', '2019-11-25 00:41:59'),
(71, 71, 'Kianna Fisher', 'Quas aliquid in placeat ullam. Voluptate et id sed ea. Vel adipisci voluptatibus error id porro ea.', 3, '2019-11-25 00:41:59', '2019-11-25 00:41:59'),
(72, 63, 'Kaleigh Stamm', 'Qui quidem temporibus culpa architecto. Eos qui iusto beatae a aut odit. Fugiat non in ad commodi non.', 4, '2019-11-25 00:41:59', '2019-11-25 00:41:59'),
(73, 53, 'Davion Wolff', 'Nisi est itaque cumque excepturi soluta delectus. Voluptatem quos blanditiis molestiae enim id reiciendis repudiandae. Expedita rerum velit ea nulla. Libero qui eveniet beatae voluptatem sed. Odit corporis dolore ea excepturi dolorum commodi.', 2, '2019-11-25 00:41:59', '2019-11-25 00:41:59'),
(74, 121, 'Roscoe Halvorson', 'Eius atque illum consequuntur occaecati. Quaerat eveniet vero consectetur quae incidunt rerum quas consequatur. At deserunt necessitatibus numquam delectus eos.', 1, '2019-11-25 00:41:59', '2019-11-25 00:41:59'),
(75, 96, 'Hilton Tillman', 'Eum et eos ex aliquam aut aut quos facere. Odit iure eos pariatur aut culpa nostrum a. Quo nostrum velit et quas voluptates inventore.', 3, '2019-11-25 00:41:59', '2019-11-25 00:41:59'),
(76, 66, 'Brooke Gleichner II', 'In sit pariatur blanditiis et. Aut animi maiores quia mollitia quibusdam quaerat sed. Necessitatibus soluta voluptatum temporibus et. Qui eos et corporis.', 0, '2019-11-25 00:41:59', '2019-11-25 00:41:59'),
(77, 3, 'Noel King', 'Consectetur doloribus laudantium quis sunt minus. Et minus dolorem nulla est provident enim. Quidem dolores doloribus et harum dolores necessitatibus est.', 3, '2019-11-25 00:42:00', '2019-11-25 00:42:00'),
(78, 45, 'Prof. Maegan Hackett III', 'Voluptas fuga adipisci voluptatem reprehenderit fuga. Quos ipsum earum et quis sunt et quia.', 0, '2019-11-25 00:42:00', '2019-11-25 00:42:00'),
(79, 60, 'Elias Swift', 'Sit quo maiores illum molestiae non doloremque perferendis. Quis cum officiis reprehenderit corrupti omnis. Rerum enim soluta maxime id. Voluptatibus explicabo aliquam velit sit est voluptatum dolor.', 4, '2019-11-25 00:42:00', '2019-11-25 00:42:00'),
(80, 67, 'Hester Collier Sr.', 'Quidem rerum odio laborum. Aut quis voluptatum laborum consequatur et eos eos neque. Sunt at ut voluptatem accusamus accusamus.', 2, '2019-11-25 00:42:00', '2019-11-25 00:42:00'),
(81, 129, 'Elmore Bergnaum', 'Esse aut in est. Blanditiis sapiente perferendis voluptas provident asperiores pariatur praesentium accusamus. Nemo ab voluptas nihil. Quidem tempora assumenda et unde.', 0, '2019-11-25 00:42:00', '2019-11-25 00:42:00'),
(82, 1, 'Zoey Ortiz', 'Officiis libero laboriosam et consequatur praesentium omnis. In rerum unde voluptas nesciunt id rerum incidunt. Velit quas a a dolore exercitationem fugiat quas. Omnis voluptatum nam enim optio aut.', 0, '2019-11-25 00:42:00', '2019-11-25 00:42:00'),
(83, 80, 'Tamia Greenfelder Sr.', 'Ducimus accusantium est quis nihil alias cumque. Sint perferendis dolore molestias aut aut. Ex corrupti odio vel. Quidem voluptatem maxime et nostrum.', 0, '2019-11-25 00:42:00', '2019-11-25 00:42:00'),
(84, 68, 'Pablo Boehm IV', 'Vel vel est veritatis sequi totam natus suscipit necessitatibus. Quia cupiditate modi incidunt autem qui provident. Natus nam omnis eveniet amet. Nihil voluptatem culpa ut vitae quibusdam.', 4, '2019-11-25 00:42:00', '2019-11-25 00:42:00'),
(85, 70, 'Dr. Nadia Hamill', 'Ut ab aut et debitis repellendus. Velit inventore dolorem et. Iste consequatur ipsam in.', 5, '2019-11-25 00:42:00', '2019-11-25 00:42:00'),
(86, 64, 'Miss Mossie Turcotte Jr.', 'Illo optio quaerat sapiente nihil sint. Saepe autem ab quia odit aperiam itaque illum laboriosam. Reiciendis dignissimos rerum est et expedita voluptatibus praesentium.', 2, '2019-11-25 00:42:00', '2019-11-25 00:42:00'),
(87, 53, 'Hayden Weimann', 'Saepe ad velit suscipit eum molestiae. Dolorem voluptatem nemo provident quo ut accusamus dolorem dolor. Harum temporibus quia ducimus ratione quo laborum molestiae. Modi exercitationem possimus dolore rerum doloribus accusantium cupiditate.', 1, '2019-11-25 00:42:00', '2019-11-25 00:42:00'),
(88, 72, 'Luigi Haley', 'Nihil enim quam sit. Praesentium consequatur et ipsum. Distinctio illo et nihil tempora impedit.', 3, '2019-11-25 00:42:00', '2019-11-25 00:42:00'),
(89, 31, 'Danyka Legros IV', 'Distinctio tempora quo praesentium aliquam sit omnis qui. Id enim similique aspernatur maiores odit ut. Atque recusandae et veniam dolor ullam quia velit reiciendis. Nam molestiae ipsa rerum quaerat esse eveniet. Quo voluptates accusamus minus beatae quo tempora.', 2, '2019-11-25 00:42:00', '2019-11-25 00:42:00'),
(90, 49, 'Jacinthe Schoen', 'Autem iusto quasi debitis error ullam distinctio occaecati. Laboriosam ipsum maxime dignissimos vel illo sequi autem.', 0, '2019-11-25 00:42:00', '2019-11-25 00:42:00'),
(91, 57, 'Prof. Monserrate Crooks PhD', 'Nulla aperiam rerum consequatur laboriosam aliquam est cumque. Ratione consequatur ullam ut sed deserunt sapiente quidem.', 1, '2019-11-25 00:42:00', '2019-11-25 00:42:00'),
(92, 44, 'Earl Jacobson Jr.', 'In facilis est quaerat. Id illum aliquam id cupiditate eaque. Accusantium vitae consequatur occaecati sint quasi consectetur repellat.', 4, '2019-11-25 00:42:00', '2019-11-25 00:42:00'),
(93, 58, 'Jordane Erdman', 'Ut eaque magnam aspernatur ea repudiandae. Dolores voluptatum inventore est. A sunt vel minus.', 3, '2019-11-25 00:42:00', '2019-11-25 00:42:00'),
(94, 5, 'Edmund Parisian', 'Enim aliquam corporis commodi quia laboriosam. Et nihil consectetur accusamus distinctio quia in ut delectus. Nihil natus adipisci animi soluta possimus molestiae. Ut quis consectetur voluptates cupiditate.', 5, '2019-11-25 00:42:00', '2019-11-25 00:42:00'),
(95, 28, 'Cordell Medhurst', 'Eum dolores aut sint libero sapiente. Ut rerum ut ullam hic nihil modi animi quia. Et ab et non qui aut consequatur non rerum. Iure dolores voluptas soluta quam recusandae quo exercitationem.', 0, '2019-11-25 00:42:01', '2019-11-25 00:42:01'),
(96, 107, 'Michelle Considine', 'Officia esse totam est repellendus deserunt suscipit. In rem ullam adipisci ab eum sunt vel. Id nesciunt ut nihil beatae. Temporibus eos doloremque corporis fuga iste.', 5, '2019-11-25 00:42:01', '2019-11-25 00:42:01'),
(97, 89, 'Miss Marisa Monahan PhD', 'Eaque rerum rerum voluptatum aut deleniti debitis rerum. Porro aut autem modi officia.', 3, '2019-11-25 00:42:01', '2019-11-25 00:42:01'),
(98, 52, 'Dr. Darryl Spencer Jr.', 'Perspiciatis omnis unde exercitationem accusantium quidem fuga fuga. Doloremque reprehenderit consequatur labore voluptas iusto alias.', 1, '2019-11-25 00:42:01', '2019-11-25 00:42:01'),
(99, 142, 'Makenna Bartell', 'Doloribus accusantium rerum ut qui enim et aliquam voluptates. Aut optio excepturi tempore voluptatem alias. Nulla est molestiae quisquam reprehenderit.', 1, '2019-11-25 00:42:01', '2019-11-25 00:42:01'),
(100, 120, 'Adeline Dare', 'Soluta blanditiis sed dolore aut beatae. Iure laudantium qui totam et nisi. Sapiente odit qui cupiditate modi est.', 1, '2019-11-25 00:42:01', '2019-11-25 00:42:01'),
(101, 14, 'Dr. Ibrahim Smitham', 'Commodi facilis velit eveniet id sint voluptatem. Nemo veniam et nobis quia. Omnis placeat est beatae itaque error consectetur. Fugit iure facere est id maiores.', 3, '2019-11-25 00:42:01', '2019-11-25 00:42:01'),
(102, 13, 'Mandy Mosciski', 'Sit praesentium doloribus provident dolorem consequatur quibusdam. Necessitatibus autem dolore aut aliquam tempora iure est. Dolores fugit adipisci doloribus veritatis qui repudiandae placeat.', 5, '2019-11-25 00:42:01', '2019-11-25 00:42:01'),
(103, 8, 'Loraine Hartmann', 'Itaque molestiae et qui et neque accusamus repudiandae. Ad porro qui omnis. Aut temporibus id eligendi architecto.', 3, '2019-11-25 00:42:01', '2019-11-25 00:42:01'),
(104, 141, 'Trevion Lind', 'Sint natus et minima qui vitae. Vero qui necessitatibus et ipsam consequatur.', 1, '2019-11-25 00:42:01', '2019-11-25 00:42:01'),
(105, 5, 'Erling Miller', 'Incidunt ut odit dicta rem sit qui. Sed ipsam ipsam autem. Maiores et accusantium omnis.', 4, '2019-11-25 00:42:01', '2019-11-25 00:42:01'),
(106, 124, 'Dr. Stephanie Frami PhD', 'Voluptatum voluptatibus vitae inventore voluptate nesciunt praesentium ut. Voluptatem saepe veniam asperiores aliquam eos rerum nihil quo. Ipsa corrupti laudantium voluptatem vel.', 0, '2019-11-25 00:42:01', '2019-11-25 00:42:01'),
(107, 129, 'Mr. Brando Beahan IV', 'Suscipit vel non error earum voluptatem in. Numquam optio vel tempore est. Expedita ea aut blanditiis explicabo voluptas aut.', 5, '2019-11-25 00:42:01', '2019-11-25 00:42:01'),
(108, 7, 'Celestine Ullrich', 'Quia cumque sequi autem. Deleniti iusto natus fugiat doloremque aut magnam. Eum totam eos quae sed cum magni. Ex est accusamus temporibus sit assumenda rem perspiciatis corporis.', 5, '2019-11-25 00:42:01', '2019-11-25 00:42:01'),
(109, 113, 'Maryse Jast', 'Nam iste officia itaque temporibus velit aliquam rerum. Sunt qui delectus nihil voluptas. Dolores est qui et porro ut recusandae est.', 2, '2019-11-25 00:42:01', '2019-11-25 00:42:01'),
(110, 52, 'Velma Prohaska', 'Aut corporis totam nobis reprehenderit autem ut tempore autem. Vel qui est exercitationem voluptatum. Numquam hic rerum dolores ab cupiditate ullam ea ut. Porro sint aut totam sunt fugiat.', 2, '2019-11-25 00:42:01', '2019-11-25 00:42:01'),
(111, 53, 'Brenda Walsh', 'Unde illum ea voluptates qui qui dignissimos. Iste ad quis eligendi non nam omnis. At reprehenderit ullam omnis provident fuga non repudiandae iure.', 4, '2019-11-25 00:42:01', '2019-11-25 00:42:01'),
(112, 28, 'Calista Donnelly Jr.', 'Possimus consequatur quia omnis. Consequatur sequi debitis ipsam neque omnis. Soluta quo ducimus quidem quod accusantium ad quidem. Sunt ex delectus minima neque.', 5, '2019-11-25 00:42:01', '2019-11-25 00:42:01'),
(113, 13, 'Eloise Bartoletti', 'Totam doloremque totam molestias. Similique qui rerum sed molestias iure omnis quae dolorem. Nobis est dolor consequatur et beatae in. Maiores cumque atque quia perspiciatis et a accusamus eaque.', 0, '2019-11-25 00:42:01', '2019-11-25 00:42:01'),
(114, 10, 'Alex Abshire V', 'Rerum veniam est nemo corporis. Adipisci molestias natus reprehenderit aut reprehenderit. Accusantium autem tempora magnam eum architecto. Tempore repellat magnam expedita harum. Ad sit voluptatem assumenda commodi repellat nihil ipsa.', 0, '2019-11-25 00:42:01', '2019-11-25 00:42:01'),
(115, 99, 'Prof. Peggie Armstrong DVM', 'Voluptates aut et architecto natus. Voluptates vitae temporibus et est sunt. Pariatur eum amet saepe amet.', 4, '2019-11-25 00:42:01', '2019-11-25 00:42:01'),
(116, 46, 'Prof. Helen Boyer', 'Numquam praesentium ea et minima a quia ut. Suscipit exercitationem consectetur similique reiciendis fugit omnis reprehenderit dolor. Ut nemo similique tempore maiores facilis. Doloremque magnam vel a placeat est quisquam quia.', 5, '2019-11-25 00:42:01', '2019-11-25 00:42:01'),
(117, 107, 'Mr. Warren Balistreri', 'Aliquam sapiente maxime officiis quisquam eos provident deleniti enim. Quidem deserunt dolores ab iure excepturi pariatur animi. Sit possimus rerum adipisci beatae.', 5, '2019-11-25 00:42:01', '2019-11-25 00:42:01'),
(118, 55, 'Mr. Juston Runte Jr.', 'Omnis velit non eaque accusantium quo. Nemo voluptas dolores occaecati est. Nulla sint quae hic doloremque in aut.', 4, '2019-11-25 00:42:01', '2019-11-25 00:42:01'),
(119, 120, 'Emiliano Walsh', 'Repellendus et reiciendis debitis ut doloribus temporibus. Modi nemo accusantium corporis. Tempora amet incidunt sed voluptates totam sequi. Beatae nemo id recusandae commodi aut ipsa ipsam. Dolores aut non porro.', 2, '2019-11-25 00:42:01', '2019-11-25 00:42:01'),
(120, 42, 'Newton Kuhlman', 'Fugiat distinctio recusandae est aut. Assumenda non eos architecto qui iusto et. Adipisci neque ea sed maiores error sint qui.', 3, '2019-11-25 00:42:01', '2019-11-25 00:42:01'),
(121, 20, 'Beth Reichel', 'Ut ex error suscipit vero sed quia fugiat. Quia quia et dolor asperiores maiores saepe aspernatur voluptatem. Debitis reprehenderit voluptatibus sed. Unde libero et ullam magnam quisquam beatae.', 1, '2019-11-25 00:42:01', '2019-11-25 00:42:01'),
(122, 142, 'Damien Smith', 'Consequatur beatae omnis minima ut assumenda numquam. Harum incidunt nisi id quas in vitae. Sunt voluptatem eos ea sit ratione.', 2, '2019-11-25 00:42:01', '2019-11-25 00:42:01'),
(123, 88, 'Dave Walsh', 'Deserunt error eum eveniet. Amet voluptatibus nisi qui id perferendis eaque corporis.', 3, '2019-11-25 00:42:01', '2019-11-25 00:42:01'),
(124, 71, 'Mrs. Kelsie Bode', 'Qui eligendi similique eius illo molestiae iste sapiente. Sequi doloremque et doloribus in facilis iure optio nulla. Repellendus tempora quis qui suscipit eius omnis. Excepturi quas beatae id repellat aut.', 2, '2019-11-25 00:42:01', '2019-11-25 00:42:01'),
(125, 80, 'Rodrick Wunsch', 'Maiores nihil non ratione voluptatem aperiam porro. Quasi id perferendis delectus et nihil consequuntur quas autem. Illo ex alias ut voluptates sed ut.', 5, '2019-11-25 00:42:01', '2019-11-25 00:42:01'),
(126, 78, 'Ryder King', 'Consequatur enim quis dolorum iusto quis nobis fuga nam. Ut vel et qui ut. Possimus non id delectus ab itaque a error voluptas.', 5, '2019-11-25 00:42:01', '2019-11-25 00:42:01'),
(127, 119, 'Jarod Hermiston III', 'Enim dolorum occaecati modi aut. Sed id dolorum neque nostrum. Debitis molestias alias quis nesciunt est accusantium aliquid. Perferendis consequatur perferendis eos iste est quod.', 2, '2019-11-25 00:42:01', '2019-11-25 00:42:01'),
(128, 58, 'Wendell Flatley', 'Qui vitae deserunt ea repudiandae ut iure. Modi libero perferendis reprehenderit perferendis qui. Possimus et molestiae molestiae asperiores. Nisi autem velit iusto nulla. Minima ut quia excepturi libero necessitatibus et et.', 5, '2019-11-25 00:42:01', '2019-11-25 00:42:01'),
(129, 44, 'Malvina O\'Hara', 'Temporibus voluptas quasi deserunt quisquam praesentium nostrum. Aut blanditiis sit esse officia consectetur. Consequatur nostrum omnis autem delectus tempore officia et.', 2, '2019-11-25 00:42:02', '2019-11-25 00:42:02'),
(130, 25, 'Miss Lila Kuhn DVM', 'Similique rerum debitis laborum quia et optio. Inventore quia aspernatur molestias praesentium. Velit possimus saepe nesciunt quia nostrum rem itaque.', 4, '2019-11-25 00:42:02', '2019-11-25 00:42:02'),
(131, 80, 'Wilma Bernhard V', 'Voluptas ea error et sint pariatur qui. Et quibusdam ut molestiae qui vel quasi vero. Magnam qui cum consequatur aut. Veniam corrupti ea fuga vel natus.', 2, '2019-11-25 00:42:02', '2019-11-25 00:42:02'),
(132, 124, 'Cecile Hintz II', 'Quia nam unde natus est est. Eligendi velit molestiae aspernatur eligendi fuga aut. Qui mollitia qui unde voluptatibus assumenda libero.', 0, '2019-11-25 00:42:02', '2019-11-25 00:42:02'),
(133, 72, 'Hattie Nitzsche', 'Et dignissimos labore ducimus quae provident aliquid omnis. Accusamus placeat atque aliquid atque et quaerat accusamus. Accusantium voluptatem sint tempore eum.', 2, '2019-11-25 00:42:02', '2019-11-25 00:42:02'),
(134, 139, 'Raul Wilkinson', 'Fuga rem voluptatem praesentium soluta rerum unde. Rem architecto et voluptas aperiam. Atque voluptate molestiae doloremque voluptates.', 5, '2019-11-25 00:42:02', '2019-11-25 00:42:02'),
(135, 36, 'Dr. Dewitt Koss IV', 'Ea voluptates assumenda ut sit reiciendis quos ratione. Tempore repellat iusto molestias eos. Incidunt assumenda consequuntur nesciunt repellat.', 4, '2019-11-25 00:42:02', '2019-11-25 00:42:02'),
(136, 87, 'Tito Greenfelder', 'Rerum est voluptas a suscipit sit. Id sit nulla perspiciatis architecto delectus enim veniam. Veniam ducimus cumque inventore non et consequatur.', 1, '2019-11-25 00:42:02', '2019-11-25 00:42:02'),
(137, 12, 'Georgiana Ledner', 'Aliquam est rem ut vel neque beatae. Dolorem repudiandae dolor voluptate nulla qui doloremque. Nobis tempore veritatis odio. Error nesciunt ea ducimus voluptatem.', 0, '2019-11-25 00:42:02', '2019-11-25 00:42:02'),
(138, 90, 'Dr. Eryn Gleichner', 'Culpa optio quae porro amet illo rerum optio. Facere vel mollitia est est veritatis dolor corrupti sit. Odit necessitatibus ullam quisquam quisquam. Maiores est sit et a quam. Voluptas et expedita voluptatem id.', 0, '2019-11-25 00:42:02', '2019-11-25 00:42:02'),
(139, 108, 'Nicolas Donnelly', 'Quibusdam est aut similique ut veniam rerum. Voluptas laudantium quaerat voluptatibus temporibus. Est sunt cupiditate consequuntur vitae.', 3, '2019-11-25 00:42:02', '2019-11-25 00:42:02'),
(140, 85, 'Mrs. Vanessa Krajcik Sr.', 'Expedita dolorum asperiores adipisci. Ab sed et in ducimus et autem nulla.', 2, '2019-11-25 00:42:02', '2019-11-25 00:42:02'),
(141, 128, 'Robbie Schultz Jr.', 'Alias totam quam tempora mollitia. Eos asperiores ea ut mollitia repellat qui aut. Deserunt ducimus sed esse consectetur commodi rem doloribus. Vero aut accusamus sed reprehenderit quia.', 3, '2019-11-25 00:42:02', '2019-11-25 00:42:02'),
(142, 133, 'Luciano Prosacco II', 'Architecto placeat quod consequuntur cupiditate nemo adipisci mollitia. Dolor aut sint non in repudiandae officiis. Saepe quo ut explicabo deserunt qui.', 5, '2019-11-25 00:42:02', '2019-11-25 00:42:02'),
(143, 147, 'Michaela Goldner', 'Et sed tenetur est enim. Unde rerum omnis saepe omnis et voluptatem quo. Et temporibus tempore fugiat numquam id occaecati. Asperiores eius id facilis in.', 3, '2019-11-25 00:42:02', '2019-11-25 00:42:02'),
(144, 144, 'Evan Quitzon II', 'Autem aut autem eius tenetur nihil cum. Eos veritatis temporibus asperiores voluptatem dolor aut. Aperiam at accusantium beatae rem quae. Reiciendis eum labore autem nisi ab.', 1, '2019-11-25 00:42:02', '2019-11-25 00:42:02'),
(145, 36, 'Audrey Hane', 'Assumenda quam aspernatur nisi aut reprehenderit neque. Dolorum beatae rerum iure eos. Rerum quia voluptatem facere nostrum aperiam rerum laboriosam. Accusamus quasi ut fugiat dolores. Sed accusamus aut aut amet aut esse exercitationem inventore.', 0, '2019-11-25 00:42:02', '2019-11-25 00:42:02'),
(146, 102, 'Miss Mariela Kling', 'Eum qui adipisci dolore. Magni odit dolorem minima quae provident id. Veniam delectus dolores autem iure. Consequatur sunt cum ut nam et magni ad.', 2, '2019-11-25 00:42:02', '2019-11-25 00:42:02'),
(147, 80, 'Melyna Crona', 'Aut dolor non neque enim numquam debitis. Aut laboriosam tenetur sint explicabo vel vitae vel. Doloremque maiores enim eveniet quas dolorum. Porro est est temporibus quia culpa vel numquam sint.', 5, '2019-11-25 00:42:02', '2019-11-25 00:42:02'),
(148, 96, 'Lawson Stehr', 'A minima perspiciatis aut at mollitia qui. Ea minus ipsa distinctio quia impedit. Ut facere magnam et et voluptates saepe. Impedit amet et et id.', 2, '2019-11-25 00:42:02', '2019-11-25 00:42:02'),
(149, 100, 'Mr. Stewart Gulgowski DVM', 'Velit a nihil quasi consectetur delectus eius. Enim amet distinctio atque facilis animi. Enim et ab temporibus sint laudantium nulla animi. Et et consequatur totam veniam ipsum dolorem veniam.', 2, '2019-11-25 00:42:02', '2019-11-25 00:42:02'),
(150, 133, 'Paige Rath', 'At perspiciatis accusamus eos voluptates recusandae et pariatur. Cumque iste aut quisquam dolor esse quasi quisquam aut. Dolor inventore incidunt voluptatem omnis laudantium.', 4, '2019-11-25 00:42:02', '2019-11-25 00:42:02'),
(151, 103, 'Dr. Damian Daniel', 'Quos repellendus facilis maxime reprehenderit voluptatem nihil quibusdam occaecati. Consequatur cumque eaque illum iste dolorum consectetur esse. Et a eos est voluptas sit. Enim ut temporibus non. Sint quo atque veritatis pariatur quia aliquam ex.', 5, '2019-11-25 00:42:02', '2019-11-25 00:42:02'),
(152, 53, 'Christine Mitchell V', 'Qui nam et consequuntur aut minima. Explicabo ut dolorum placeat dolorem a est. Aliquid nisi et autem et et sint eos.', 5, '2019-11-25 00:42:02', '2019-11-25 00:42:02'),
(153, 3, 'Sterling Lang', 'Ipsam sit dolorem pariatur fugiat architecto et et. Veniam suscipit et aliquid sint ea quidem consectetur.', 3, '2019-11-25 00:42:02', '2019-11-25 00:42:02'),
(154, 66, 'Prof. Jude Franecki', 'Ullam quod sapiente ut excepturi repellat dolorem assumenda ratione. Eos nobis cum non sed.', 0, '2019-11-25 00:42:02', '2019-11-25 00:42:02'),
(155, 132, 'Torrance Kunze', 'Quidem tenetur aliquid ut sit necessitatibus rem. Dolorem ratione et consequatur quo in. Quidem quod temporibus vero accusamus animi eaque voluptatem consequuntur. Reprehenderit vero quam repellendus est ut dolorem est suscipit.', 3, '2019-11-25 00:42:02', '2019-11-25 00:42:02'),
(156, 28, 'Scot Keeling', 'Eum est reprehenderit asperiores tempora. Dicta maxime enim doloribus quis similique. Autem asperiores sunt dolor tempora harum. Voluptatum eos iste quidem qui similique et enim sed.', 4, '2019-11-25 00:42:02', '2019-11-25 00:42:02'),
(157, 132, 'Prof. Triston Davis', 'Aut enim reiciendis quaerat rerum omnis doloribus omnis. Officiis iste omnis ea est aut accusamus. Nobis perferendis a omnis amet.', 2, '2019-11-25 00:42:02', '2019-11-25 00:42:02'),
(158, 5, 'Afton Stiedemann', 'Quod nam minus odio eius quia hic et. Similique fugit voluptate qui et et dolores. Cum ut modi et velit. Sed veniam est voluptate nisi doloribus.', 5, '2019-11-25 00:42:02', '2019-11-25 00:42:02'),
(159, 133, 'Cristal Boehm', 'Similique repellat voluptatem aut rerum consequatur. Ea quos veniam et alias excepturi iure. Neque et rem sequi.', 4, '2019-11-25 00:42:02', '2019-11-25 00:42:02'),
(160, 123, 'Dr. Yvette Bartell DVM', 'Repellendus quibusdam enim tempora dolorum. Neque cum amet enim est quia nihil. Omnis quae consequatur repellat voluptatibus illum ut. Corporis mollitia nostrum ut velit cupiditate.', 5, '2019-11-25 00:42:02', '2019-11-25 00:42:02'),
(161, 7, 'Dante Tremblay', 'Sit aut praesentium numquam quibusdam enim suscipit aperiam. Totam aut quia aut blanditiis rerum beatae voluptas. Similique magnam quia pariatur quas odio est. Adipisci ut illum dolor sit vel non.', 0, '2019-11-25 00:42:02', '2019-11-25 00:42:02'),
(162, 139, 'Dr. Billy Carter I', 'Enim accusamus et facere nostrum consequatur ad mollitia. Quae voluptas possimus hic praesentium. Reiciendis fugiat rem quibusdam nulla ratione. Harum impedit neque ut atque rerum eos.', 0, '2019-11-25 00:42:02', '2019-11-25 00:42:02'),
(163, 100, 'Mr. Kristoffer Gulgowski', 'Tempore minus magnam et. Atque qui qui eos placeat quisquam quis sit. Placeat ut quos et quam harum aperiam quo.', 5, '2019-11-25 00:42:02', '2019-11-25 00:42:02'),
(164, 49, 'Allison Robel', 'Voluptates molestiae voluptatem possimus. Qui dolorem labore voluptatem sit occaecati repellat. Quidem quasi labore expedita aut ut sapiente nihil dolorem.', 3, '2019-11-25 00:42:02', '2019-11-25 00:42:02'),
(165, 57, 'Kiarra Leannon', 'Porro illum veniam minima. Nam nesciunt iste est error sed et.', 4, '2019-11-25 00:42:02', '2019-11-25 00:42:02'),
(166, 82, 'Ms. Amely Huel', 'Ea dolor nihil voluptatem earum impedit. Eaque quod qui eos quaerat ut laborum repudiandae. Nisi qui voluptatem molestias. Adipisci nostrum optio at voluptatem.', 2, '2019-11-25 00:42:02', '2019-11-25 00:42:02'),
(167, 91, 'Tyree Blick', 'Iure tempore sunt ratione soluta non laboriosam quae. Aut autem quis id et impedit. Dolor nemo et ea dolor.', 3, '2019-11-25 00:42:02', '2019-11-25 00:42:02'),
(168, 118, 'Prof. Aileen Bauch DVM', 'Tempore nostrum fugiat ut deserunt nulla modi nihil. Laboriosam voluptatem sequi voluptas corrupti iusto hic. Rem voluptas similique et officia incidunt est.', 5, '2019-11-25 00:42:02', '2019-11-25 00:42:02'),
(169, 120, 'Jane Bode', 'Beatae velit cupiditate quia ut aut et error nobis. Consequuntur iure soluta sed provident aut similique in. Dignissimos soluta impedit ratione.', 4, '2019-11-25 00:42:02', '2019-11-25 00:42:02'),
(170, 18, 'Mrs. Priscilla Zboncak I', 'Ipsum maxime facere ullam asperiores vitae doloremque vitae laudantium. Ullam et quasi temporibus tenetur voluptate a quisquam qui. Consequatur et velit veritatis autem. Ea ea accusantium et eum.', 5, '2019-11-25 00:42:02', '2019-11-25 00:42:02'),
(171, 2, 'Peyton Marvin', 'Esse nam voluptatum fuga. Distinctio consectetur deleniti impedit. Aut eligendi quod deleniti aperiam ut. Et quis corrupti veniam. Harum esse minima autem officia architecto.', 5, '2019-11-25 00:42:02', '2019-11-25 00:42:02'),
(172, 94, 'Delores Doyle DDS', 'Ipsam minima et suscipit sit dolor et aut. Id consequatur nostrum dolores mollitia consequatur asperiores. Voluptate necessitatibus doloribus accusamus nostrum dolores provident ab. Magnam nulla voluptatem voluptas sed molestiae quam aut.', 1, '2019-11-25 00:42:02', '2019-11-25 00:42:02'),
(173, 88, 'Abby Bashirian', 'Necessitatibus voluptate aut debitis assumenda magni. Nesciunt recusandae aliquid et explicabo et.', 4, '2019-11-25 00:42:02', '2019-11-25 00:42:02'),
(174, 66, 'Joanny DuBuque', 'Vel ea architecto voluptatem. Accusantium doloribus asperiores maxime distinctio. Debitis facere harum velit quod consectetur. Minus doloribus maxime veniam id. Quae aut ut corporis dolor autem voluptas deleniti.', 2, '2019-11-25 00:42:03', '2019-11-25 00:42:03'),
(175, 48, 'Dr. Kenna Watsica', 'Quasi est eius ratione velit possimus nemo. Laborum laborum aut qui quo maxime numquam enim. Quas odit sequi nisi est enim.', 3, '2019-11-25 00:42:03', '2019-11-25 00:42:03'),
(176, 106, 'Adah Mosciski', 'Soluta accusamus est beatae culpa. Enim unde veniam perferendis at. Error dolor rerum a nihil doloremque. Eius corrupti aut et.', 5, '2019-11-25 00:42:03', '2019-11-25 00:42:03'),
(177, 101, 'Prof. Owen Kreiger', 'Voluptatem ducimus et animi et a. Facere at enim possimus ut vel maiores ut. Aut perspiciatis cum corporis nobis corporis libero quibusdam vel.', 5, '2019-11-25 00:42:03', '2019-11-25 00:42:03'),
(178, 17, 'Logan Kutch', 'Iste in dolor qui. Odio voluptas ad nobis aperiam. Ducimus sit a et quaerat. Quae voluptatem atque quas sint.', 4, '2019-11-25 00:42:03', '2019-11-25 00:42:03'),
(179, 125, 'Aniya Kilback', 'Sed quis et et deserunt. Fugit voluptate molestias explicabo rerum. Amet sit ut et similique vitae. Ratione recusandae blanditiis facere ex enim dignissimos.', 0, '2019-11-25 00:42:03', '2019-11-25 00:42:03'),
(180, 52, 'Dr. Brown Hintz I', 'Quisquam a delectus et repellendus est iste quia quas. Deleniti perspiciatis pariatur ad sed ut dolorem. Molestiae ducimus ut laborum est sit. Eos dolorum consequatur qui qui nihil iste.', 3, '2019-11-25 00:42:03', '2019-11-25 00:42:03'),
(181, 108, 'Kristoffer Pacocha DDS', 'Possimus dicta et dolores illum fugit. Non tempora debitis aut vel velit porro ut. Suscipit tempore porro ullam quos eaque nulla provident.', 4, '2019-11-25 00:42:03', '2019-11-25 00:42:03'),
(182, 15, 'Forrest Pfeffer', 'Impedit velit ipsa molestiae aut natus nihil molestias. Quo quo occaecati aut nihil. Consequatur harum porro unde necessitatibus est facilis. Dicta nisi hic est corporis sunt dolore.', 1, '2019-11-25 00:42:03', '2019-11-25 00:42:03'),
(183, 8, 'Aileen Schimmel MD', 'Sit commodi neque odio id officia tempora quae odio. Deleniti corrupti sint eum et. Et ut dolor et quidem et nostrum delectus.', 5, '2019-11-25 00:42:03', '2019-11-25 00:42:03'),
(184, 115, 'Stephanie Cummerata PhD', 'Dolorum voluptatem et vel quas veniam. Sed qui molestiae illum aut facere omnis maxime in. Qui sapiente ut sequi ratione molestiae repudiandae ducimus libero.', 2, '2019-11-25 00:42:03', '2019-11-25 00:42:03'),
(185, 85, 'Andre Gerlach', 'Ullam magnam veniam possimus ut ut. Pariatur in sit dolorem qui.', 3, '2019-11-25 00:42:03', '2019-11-25 00:42:03'),
(186, 52, 'Addie Spencer', 'Inventore qui voluptatem optio temporibus repudiandae consequatur beatae beatae. Quis similique voluptatum sit officia aliquid delectus est. Illo deserunt sed et repellendus inventore non.', 4, '2019-11-25 00:42:03', '2019-11-25 00:42:03'),
(187, 24, 'Dr. Euna Kshlerin', 'Optio qui dolorem veritatis modi esse saepe. Quisquam optio voluptates possimus laborum. Optio iste facilis et.', 0, '2019-11-25 00:42:03', '2019-11-25 00:42:03'),
(188, 32, 'Kenyon Gusikowski', 'Est iure eveniet molestiae placeat laboriosam. Laboriosam animi fuga ut veritatis quisquam. Libero eum excepturi est voluptates quisquam et.', 3, '2019-11-25 00:42:03', '2019-11-25 00:42:03'),
(189, 88, 'Dayana Haley', 'Dicta autem eos voluptas dignissimos. Corporis alias qui fugiat incidunt recusandae inventore. At tenetur qui porro veritatis.', 2, '2019-11-25 00:42:03', '2019-11-25 00:42:03'),
(190, 59, 'Prof. Libbie Leannon DDS', 'Doloribus facilis similique aut ratione aut exercitationem facere. Eius alias omnis voluptates dicta dolores occaecati. Consequatur quibusdam quasi autem sit deleniti consequatur. Facere culpa placeat rerum consequuntur error necessitatibus.', 4, '2019-11-25 00:42:03', '2019-11-25 00:42:03'),
(191, 86, 'Cale Rippin', 'Omnis sit delectus dolor tempora temporibus ea ab. Sunt earum error praesentium esse ut aliquid voluptatem consequatur. Quisquam est deserunt in.', 0, '2019-11-25 00:42:03', '2019-11-25 00:42:03'),
(192, 96, 'Naomie Smith Sr.', 'Non qui nisi nihil omnis minus. Commodi est facere velit deserunt non cupiditate. Est eius dolorem nam quo.', 5, '2019-11-25 00:42:03', '2019-11-25 00:42:03'),
(193, 37, 'Casimer Hane', 'Officia voluptatibus numquam error quas error accusamus. Quia ipsum quam sint dolore soluta qui sint. Aut est quod adipisci et nobis. Ducimus et nostrum aperiam qui a inventore reiciendis.', 3, '2019-11-25 00:42:03', '2019-11-25 00:42:03'),
(194, 84, 'Prof. Noble Hyatt MD', 'Est ipsa impedit inventore rerum voluptas consequatur nostrum. Est culpa facere quisquam sed doloribus qui sit eligendi. Officia non consequatur pariatur mollitia.', 0, '2019-11-25 00:42:03', '2019-11-25 00:42:03'),
(195, 20, 'Sigurd Collier', 'Reiciendis consequuntur neque modi. Dolore dolor veniam placeat necessitatibus in. Veniam aspernatur in id dolores ipsum.', 5, '2019-11-25 00:42:03', '2019-11-25 00:42:03'),
(196, 135, 'Kathryne Grimes', 'Consequatur qui beatae ipsam recusandae sunt temporibus alias. Voluptatem ipsa dolores tempora ipsam iste ducimus.', 3, '2019-11-25 00:42:03', '2019-11-25 00:42:03'),
(197, 29, 'Kyler Donnelly', 'Laboriosam est eligendi a culpa est. Similique ab sequi voluptatem laborum ut harum. Nulla omnis aut sapiente facere neque consequatur et a. Maxime sint voluptas perspiciatis ut.', 4, '2019-11-25 00:42:03', '2019-11-25 00:42:03'),
(198, 140, 'Prof. Lorenz Medhurst', 'Nisi aut nisi laudantium voluptatibus autem aut. Cumque veritatis id ad quod rerum ea rerum. Quam eius tenetur voluptatum sit numquam sunt.', 0, '2019-11-25 00:42:03', '2019-11-25 00:42:03'),
(199, 115, 'Hazel Halvorson', 'Quo quo dolor et nisi eos. Praesentium eius et doloremque sit et quod consectetur perspiciatis.', 0, '2019-11-25 00:42:03', '2019-11-25 00:42:03'),
(200, 15, 'Josh Pfeffer', 'Omnis eligendi pariatur quidem adipisci. Et omnis dolores quod iure qui. Ipsa et tempora voluptas ea. Nobis eligendi necessitatibus adipisci ratione sunt aspernatur.', 4, '2019-11-25 00:42:03', '2019-11-25 00:42:03'),
(201, 72, 'Prof. Keenan McKenzie', 'Magnam minus asperiores maxime omnis. Non magnam et id. Quia nostrum corrupti minima laboriosam quaerat. Explicabo ut quasi laborum magni.', 2, '2019-11-25 00:42:03', '2019-11-25 00:42:03'),
(202, 113, 'Mrs. Susan Reilly Sr.', 'Qui quibusdam magni molestiae dicta dolor. Ab culpa reprehenderit officia aut voluptas repudiandae ipsam eum. Omnis aut saepe placeat ducimus repellat.', 3, '2019-11-25 00:42:03', '2019-11-25 00:42:03'),
(203, 62, 'Ronaldo Schroeder', 'Architecto eos eaque aliquam ratione aliquid. Corrupti voluptas sint rerum molestias et soluta. Consequuntur sint aut deleniti.', 0, '2019-11-25 00:42:03', '2019-11-25 00:42:03'),
(204, 96, 'Letha Hoeger', 'Ea eius at eos non qui aut provident cupiditate. Sed et ullam nam. Rem fuga est hic voluptatibus hic nobis cupiditate. At illo iusto ea distinctio consequatur.', 1, '2019-11-25 00:42:03', '2019-11-25 00:42:03'),
(205, 71, 'Rhoda Feil', 'Perspiciatis ut exercitationem voluptatibus inventore. Voluptas inventore vel cupiditate voluptatem. Veniam assumenda dolore itaque nobis reprehenderit. Aut adipisci reiciendis voluptatum in et esse eos. Quia consequuntur dolor delectus molestiae officiis maxime.', 2, '2019-11-25 00:42:03', '2019-11-25 00:42:03'),
(206, 121, 'Prof. Finn Bosco I', 'Eius voluptas eum temporibus et. Optio quasi velit odit maxime error. Placeat eum harum qui eveniet.', 2, '2019-11-25 00:42:03', '2019-11-25 00:42:03'),
(207, 96, 'Mackenzie Rolfson', 'Officia qui laborum repellat consequuntur laudantium velit. Quisquam itaque cumque unde iure voluptas dolores dolore. Odio voluptatem ipsa numquam sit. Quam debitis pariatur nihil consequatur.', 3, '2019-11-25 00:42:03', '2019-11-25 00:42:03'),
(208, 92, 'Naomie Kertzmann', 'Qui dolores ut enim consequatur sapiente. Esse voluptatem quasi et magnam. Et dolorum et aliquam autem doloribus modi rerum sit. Sunt eaque ut et accusamus ea nihil.', 2, '2019-11-25 00:42:03', '2019-11-25 00:42:03'),
(209, 101, 'Francisca Schumm', 'Voluptatem adipisci eum unde quos. Labore qui aut commodi eius voluptate eius doloribus. Nam explicabo modi incidunt dolore omnis aliquid odit. Aut modi ipsa voluptatibus sint corrupti reprehenderit dignissimos.', 1, '2019-11-25 00:42:03', '2019-11-25 00:42:03'),
(210, 56, 'Nannie Prosacco DDS', 'Enim facilis temporibus iste autem corporis voluptatem at. Eos odit consequatur non molestiae illum commodi fugiat fuga. Inventore nobis et fugiat aspernatur dolor eum dolorum laudantium.', 1, '2019-11-25 00:42:03', '2019-11-25 00:42:03'),
(211, 141, 'Mr. Gennaro Ziemann', 'Et neque dolore qui facilis. Optio mollitia labore animi molestias ipsa. Non eum maxime nihil aut iusto.', 5, '2019-11-25 00:42:03', '2019-11-25 00:42:03'),
(212, 66, 'Cassidy Morissette II', 'Quam adipisci sed veritatis. Veniam eligendi qui consequuntur voluptatibus dolor voluptatum. Natus est sint voluptates. Molestiae et et voluptatibus ad. Sed temporibus non dolore rerum ut.', 4, '2019-11-25 00:42:03', '2019-11-25 00:42:03'),
(213, 73, 'Pete Bosco Jr.', 'Dolorum iusto sit labore quaerat officia est enim. Culpa doloribus asperiores commodi neque consequatur perspiciatis est. Placeat iusto officia et doloremque.', 5, '2019-11-25 00:42:03', '2019-11-25 00:42:03'),
(214, 46, 'Jazmyne Murazik', 'Non ad ullam ducimus. Dolores sit possimus quod suscipit vero. Vitae in autem quia non sit illum nisi.', 2, '2019-11-25 00:42:03', '2019-11-25 00:42:03');
INSERT INTO `reviews` (`id`, `product_id`, `customer`, `review`, `star`, `created_at`, `updated_at`) VALUES
(215, 62, 'Lesly Armstrong', 'Est quos quod a et. Nulla repellendus dolorem dicta dolorem. Debitis perspiciatis dolores sint inventore inventore recusandae qui deserunt. Et incidunt et quibusdam doloremque quo.', 2, '2019-11-25 00:42:03', '2019-11-25 00:42:03'),
(216, 19, 'Mr. Jaylin Kuphal MD', 'Nisi debitis eius illum molestiae minima sapiente. Nihil sit aut magni. Exercitationem vel dolorem id.', 5, '2019-11-25 00:42:03', '2019-11-25 00:42:03'),
(217, 121, 'Joanie Lubowitz', 'Qui est doloremque delectus error. At dolorem iste nesciunt aspernatur porro at. Neque quos libero quam ducimus sint. Aut aperiam omnis sapiente commodi.', 1, '2019-11-25 00:42:03', '2019-11-25 00:42:03'),
(218, 82, 'Dr. Margarett Brekke', 'Quia minus vel veritatis enim molestiae reprehenderit repudiandae. Omnis eos laboriosam ea eos. Velit autem molestiae blanditiis.', 2, '2019-11-25 00:42:03', '2019-11-25 00:42:03'),
(219, 124, 'Alison Weissnat', 'Dolore non officia amet. Inventore sed ea nisi necessitatibus blanditiis. Quia qui eligendi culpa mollitia perferendis nam. Perferendis quam dolor perspiciatis ab.', 3, '2019-11-25 00:42:04', '2019-11-25 00:42:04'),
(220, 90, 'Andreane Schmidt', 'Odio tempore cupiditate non rem ab sequi. Nesciunt est sunt et.', 2, '2019-11-25 00:42:04', '2019-11-25 00:42:04'),
(221, 21, 'Travis Lubowitz', 'Aut incidunt maxime nihil eos eos quia. Veniam expedita facilis doloremque. Qui velit nam pariatur natus nostrum sint quis sit. Quasi sed nostrum autem aliquid facilis. Voluptas itaque rerum at rerum in id qui.', 2, '2019-11-25 00:42:04', '2019-11-25 00:42:04'),
(222, 77, 'Prof. Francesca Nikolaus', 'Corrupti aut eum amet est ipsa. Eos officia et qui dolore recusandae.', 4, '2019-11-25 00:42:04', '2019-11-25 00:42:04'),
(223, 67, 'Mozelle Parker', 'Ipsam laborum voluptas amet. Voluptatem laboriosam inventore praesentium omnis. Dolorem commodi est saepe aut voluptas distinctio placeat. Eos ratione sunt nesciunt et dolore fugiat.', 2, '2019-11-25 00:42:04', '2019-11-25 00:42:04'),
(224, 27, 'Ms. Carley Wisoky Sr.', 'Dolores earum quis quisquam et amet tempore. Quis quisquam deleniti pariatur corrupti et fuga. Dolorum asperiores nesciunt doloribus omnis quam aut possimus. Aliquam sequi veniam aliquam est.', 0, '2019-11-25 00:42:04', '2019-11-25 00:42:04'),
(225, 84, 'Sydni Ritchie', 'Odit incidunt nam quae et dicta veritatis. Qui nemo quia ab in. Nostrum repellat dolores tempora est et sit incidunt a.', 2, '2019-11-25 00:42:04', '2019-11-25 00:42:04'),
(226, 31, 'Maximo Renner III', 'Itaque laudantium rerum nobis quidem dolore est eum. Excepturi repudiandae voluptatem et aut. Id aliquid dolorem incidunt cum doloribus.', 3, '2019-11-25 00:42:04', '2019-11-25 00:42:04'),
(227, 148, 'Bret Hilpert', 'Eum sed repellat non odio. Assumenda beatae vel ducimus doloribus. Assumenda eum et vero voluptatem repellat id.', 2, '2019-11-25 00:42:04', '2019-11-25 00:42:04'),
(228, 68, 'Sigurd Batz', 'Et rem possimus sed unde minus accusamus sit. Cupiditate rem quasi recusandae ut vel aut. Qui dicta maxime hic eaque. Ab sed adipisci quis fugit sit velit et saepe.', 5, '2019-11-25 00:42:04', '2019-11-25 00:42:04'),
(229, 123, 'Prof. Kristopher Langosh PhD', 'Sit doloremque occaecati rem distinctio dolor non. Delectus pariatur ratione aut dolor esse. Reprehenderit qui consequuntur fugiat fuga. Inventore et distinctio voluptatum optio nobis incidunt ut.', 4, '2019-11-25 00:42:04', '2019-11-25 00:42:04'),
(230, 83, 'Dell Mosciski DDS', 'In perferendis accusantium ut et. Qui numquam eveniet excepturi beatae aut. Aut quam qui nihil aliquam distinctio fuga quia.', 2, '2019-11-25 00:42:04', '2019-11-25 00:42:04'),
(231, 10, 'Stanford Lebsack', 'Et eum aut aut molestiae. Pariatur nostrum magnam facilis dolor et quia quibusdam nemo. Cumque sed quisquam ullam est accusamus commodi consequatur dolor.', 2, '2019-11-25 00:42:04', '2019-11-25 00:42:04'),
(232, 43, 'Simone Langosh', 'Quia sed ea ea dicta. Dolorem aliquam nemo consequatur nisi quo.', 1, '2019-11-25 00:42:04', '2019-11-25 00:42:04'),
(233, 139, 'Irma Block', 'Maxime fuga asperiores sapiente aut. Dolores autem ut illum. Modi quidem esse quis consequatur nemo odit accusantium reiciendis. Nisi numquam aut consequatur labore magnam. Ipsa sit sit dolorum fugit.', 0, '2019-11-25 00:42:05', '2019-11-25 00:42:05'),
(234, 72, 'River Ankunding III', 'Sequi officiis soluta incidunt porro nihil architecto sequi et. Quidem id molestiae facilis asperiores. Quo praesentium iste doloribus molestiae sunt. Consequuntur odit delectus non nemo laboriosam et minima et.', 2, '2019-11-25 00:42:05', '2019-11-25 00:42:05'),
(235, 56, 'Fermin Boyer', 'Eligendi quia libero nisi asperiores necessitatibus aut. Totam nisi nobis aut dolores. Consequuntur laboriosam ut itaque exercitationem laudantium vitae aut. Minus eum esse ut quia tempora incidunt.', 4, '2019-11-25 00:42:05', '2019-11-25 00:42:05'),
(236, 2, 'Magdalena O\'Conner', 'Expedita aut ut non fugiat. Neque quisquam dicta optio qui veniam eum dolores voluptatem. In ex temporibus expedita velit.', 5, '2019-11-25 00:42:05', '2019-11-25 00:42:05'),
(237, 40, 'Sandra Von', 'Quo omnis animi non inventore consectetur. Et ut officia impedit ut. Id consequatur qui eum quia qui repellat quia. Consequatur quos qui dolor et explicabo.', 0, '2019-11-25 00:42:05', '2019-11-25 00:42:05'),
(238, 38, 'Augustine Trantow', 'Et cum illum ab et. Alias a possimus consequatur debitis nihil odit molestiae. Cumque voluptatem sunt labore ut culpa impedit soluta omnis. Earum repellendus autem enim repellendus voluptatem illo ut officiis. Velit doloremque qui eos.', 4, '2019-11-25 00:42:05', '2019-11-25 00:42:05'),
(239, 21, 'Hillary Douglas', 'Eum et itaque libero delectus. Vero excepturi inventore facilis commodi consequatur occaecati. Cupiditate fuga asperiores error impedit autem at. Repudiandae totam incidunt autem autem atque.', 2, '2019-11-25 00:42:05', '2019-11-25 00:42:05'),
(240, 98, 'Prof. Moses Reichel', 'Est hic voluptate ullam. Laboriosam unde itaque fuga omnis et quia enim. Est neque laborum accusamus rerum.', 5, '2019-11-25 00:42:05', '2019-11-25 00:42:05'),
(241, 93, 'Brennon Terry', 'Totam rerum adipisci ut sequi voluptas aspernatur voluptatem. Qui dicta perferendis et sit doloribus. Voluptas consequatur ullam consequatur labore velit maxime dolore perspiciatis.', 2, '2019-11-25 00:42:05', '2019-11-25 00:42:05'),
(242, 86, 'Trace Pfannerstill', 'Doloribus exercitationem ullam facere. Quis consequatur autem porro est quam. Aut et optio omnis natus sit et at. Aut est dignissimos accusamus doloribus quia minus.', 2, '2019-11-25 00:42:05', '2019-11-25 00:42:05'),
(243, 24, 'Dr. Raleigh Reilly Jr.', 'Ut qui modi nihil aut. Sunt atque voluptas reprehenderit qui voluptatem. Saepe qui voluptas voluptas inventore quo autem. Odio distinctio cumque occaecati provident odio molestiae.', 1, '2019-11-25 00:42:05', '2019-11-25 00:42:05'),
(244, 121, 'Mr. Kayley Haag DDS', 'Quia quaerat eos atque accusantium. Rerum atque quos officiis quis officiis repellat quaerat.', 1, '2019-11-25 00:42:05', '2019-11-25 00:42:05'),
(245, 118, 'Miller Bailey', 'Aspernatur minus vitae saepe delectus. Id recusandae quia maxime aut in. Sapiente dolorem sunt officia. Sit dolorum inventore nobis eos ipsam nihil et.', 3, '2019-11-25 00:42:05', '2019-11-25 00:42:05'),
(246, 14, 'Robbie Orn', 'Rerum eum dolor quia non ipsa dolor sequi. Eveniet laudantium debitis ea. Velit cumque voluptatibus maxime voluptas ea amet quo. Ea odit sunt accusantium iste rerum deserunt tempore.', 5, '2019-11-25 00:42:05', '2019-11-25 00:42:05'),
(247, 82, 'Erich Parisian', 'Et illum quia aut non ipsa et saepe. Id dolores veniam error eaque. Perspiciatis ratione rerum eveniet omnis ad beatae. Corporis excepturi debitis excepturi recusandae quisquam ut.', 2, '2019-11-25 00:42:05', '2019-11-25 00:42:05'),
(248, 123, 'Jamir Witting', 'Autem temporibus facilis voluptatum similique in. Voluptatem ut praesentium sapiente eos corrupti. Explicabo ipsum rem molestias voluptatum vero quo.', 0, '2019-11-25 00:42:05', '2019-11-25 00:42:05'),
(249, 49, 'Alyson Gaylord', 'Nisi officiis laborum non aut dolores. Magnam ipsum dolores excepturi quo sed dolorem et eveniet.', 0, '2019-11-25 00:42:05', '2019-11-25 00:42:05'),
(250, 14, 'Maya Treutel', 'Eveniet corporis blanditiis voluptas soluta. Quia ipsum hic ut et quia ut eos. Consequatur id delectus aut est perferendis vitae temporibus officiis.', 2, '2019-11-25 00:42:05', '2019-11-25 00:42:05'),
(251, 145, 'Dr. Coleman O\'Hara II', 'Ut deleniti quia voluptatem. Eum expedita provident accusamus fugit quidem aut sint. Quia doloremque porro commodi ut atque atque itaque.', 4, '2019-11-25 00:42:05', '2019-11-25 00:42:05'),
(252, 57, 'Kelsi Ledner', 'Molestias enim ut provident dolores culpa quia. Alias repellendus enim repudiandae totam cum voluptate. Aut officiis hic id consequatur et.', 2, '2019-11-25 00:42:05', '2019-11-25 00:42:05'),
(253, 125, 'Josiah Hegmann', 'Quia dolores velit et a vel. Sequi consequatur cum dolorum nihil. Officia est et sunt sed quia. Enim et neque ut aut laudantium molestias labore.', 3, '2019-11-25 00:42:05', '2019-11-25 00:42:05'),
(254, 16, 'Prof. Emilie Gusikowski', 'Consequuntur maiores modi nisi. Neque odit omnis iure minima. Officiis nemo corporis et consequatur quis qui. Nisi vero sequi non modi quaerat. Aspernatur unde non libero quas consectetur non pariatur.', 5, '2019-11-25 00:42:05', '2019-11-25 00:42:05'),
(255, 72, 'Dr. Carrie Schamberger IV', 'Aut non reiciendis et labore ducimus voluptates enim debitis. Debitis dolore quis ad totam aut totam. Harum assumenda est sit aut. Odit atque sit quasi minus praesentium sint distinctio. Adipisci laudantium accusantium sit quo.', 5, '2019-11-25 00:42:05', '2019-11-25 00:42:05'),
(256, 71, 'Samir Reichel', 'Alias debitis sit fugit quis voluptas doloremque sit veritatis. Minus sequi perspiciatis ducimus fugiat. Explicabo qui sint earum harum. Ipsum in tenetur sint in sed sit distinctio.', 2, '2019-11-25 00:42:05', '2019-11-25 00:42:05'),
(257, 67, 'Jack Stroman Jr.', 'Est minima aut aut quo illo. Rem aspernatur itaque consequuntur sunt.', 0, '2019-11-25 00:42:05', '2019-11-25 00:42:05'),
(258, 15, 'Syble Towne PhD', 'Illo omnis earum cupiditate possimus quia eum aut. Iusto in dolorum eum omnis distinctio commodi. Officiis odit alias adipisci quam aut nostrum. Recusandae minima quis molestiae aperiam cum.', 3, '2019-11-25 00:42:05', '2019-11-25 00:42:05'),
(259, 52, 'Dr. Ambrose Ullrich', 'Reiciendis at doloribus iure neque ullam iste. Incidunt suscipit nihil assumenda eum.', 4, '2019-11-25 00:42:05', '2019-11-25 00:42:05'),
(260, 111, 'Demarco Hegmann', 'Quis eligendi distinctio accusamus qui deserunt. Repudiandae eum dolores ut laborum dignissimos ducimus deleniti. Ut sed in tenetur facere voluptas soluta.', 2, '2019-11-25 00:42:06', '2019-11-25 00:42:06'),
(261, 5, 'Jarvis Hand V', 'Sit dolorem quia necessitatibus ut velit qui consequatur natus. Vel ea non saepe cumque. Cupiditate et odit ut laboriosam consectetur aspernatur sapiente. Aliquid qui doloribus eum nam quibusdam. Possimus id alias in id et.', 0, '2019-11-25 00:42:06', '2019-11-25 00:42:06'),
(262, 44, 'Lurline Ziemann IV', 'Pariatur reiciendis blanditiis ad et pariatur ex sed. Deleniti quia quisquam impedit tempora et nobis ut. Sint rerum doloribus dolores quas earum. Aut nobis omnis blanditiis.', 0, '2019-11-25 00:42:06', '2019-11-25 00:42:06'),
(263, 111, 'Miss Joy Waters', 'Provident est dolorum sint aut et minus. Voluptatem et provident quibusdam voluptatem dignissimos quod. Saepe eum sit temporibus aspernatur est. In necessitatibus necessitatibus aut enim sint aspernatur minima. Enim reiciendis est expedita blanditiis alias qui quasi.', 4, '2019-11-25 00:42:06', '2019-11-25 00:42:06'),
(264, 103, 'Margaretta Halvorson Jr.', 'Non praesentium adipisci a eveniet ipsa. Voluptatem omnis animi officiis ut.', 3, '2019-11-25 00:42:06', '2019-11-25 00:42:06'),
(265, 10, 'Breanna Lemke', 'Enim architecto pariatur culpa non. Aut fugit asperiores odio velit. In earum accusantium mollitia minima omnis voluptate facilis. Sit eos autem est nesciunt hic est facere.', 1, '2019-11-25 00:42:06', '2019-11-25 00:42:06'),
(266, 124, 'Elenor Nolan', 'Facere voluptatem molestiae quod aut aut. Non molestiae nam sunt et.', 1, '2019-11-25 00:42:06', '2019-11-25 00:42:06'),
(267, 11, 'Sven Rohan Jr.', 'Eos voluptatem ut et qui eveniet tenetur ex. Nisi eos itaque temporibus dolores error laudantium nam. Magnam molestiae ea doloribus molestiae praesentium. Quia accusantium excepturi eum fuga aut.', 3, '2019-11-25 00:42:06', '2019-11-25 00:42:06'),
(268, 23, 'Curtis Corwin', 'Exercitationem pariatur similique optio autem. Ex ea qui tenetur veritatis. Rerum et dolores vel perferendis et veritatis vel.', 5, '2019-11-25 00:42:06', '2019-11-25 00:42:06'),
(269, 35, 'Marge Luettgen', 'Fuga illum in eum at dolorem doloribus eos. Tenetur impedit quibusdam quibusdam est molestiae autem. Eveniet ipsum porro rerum et. Quis dolorem qui non consectetur incidunt aspernatur aliquam.', 0, '2019-11-25 00:42:06', '2019-11-25 00:42:06'),
(270, 13, 'Mr. Orion Tremblay DVM', 'Molestiae doloribus doloremque voluptate odit. Quidem provident ea odio aut rem aut. Nostrum molestias animi cum est occaecati.', 4, '2019-11-25 00:42:06', '2019-11-25 00:42:06'),
(271, 130, 'Mr. Jerome Denesik III', 'Accusamus aut dolorum veritatis dolor. Nemo et sed voluptatem non. Repellat nostrum voluptas rerum dolorem deleniti non labore. Est sequi qui necessitatibus libero quaerat rem a.', 2, '2019-11-25 00:42:06', '2019-11-25 00:42:06'),
(272, 29, 'Daniella Gibson', 'Consequatur et qui dolorum. Et aperiam minus vitae eius quae.', 5, '2019-11-25 00:42:06', '2019-11-25 00:42:06'),
(273, 106, 'D\'angelo VonRueden', 'Suscipit non officia adipisci placeat dolor eligendi enim. Qui qui dolores fugit dolore aut ullam delectus. Ex quos rem aperiam placeat quidem aut dolorum. Hic et deleniti nobis voluptas dolorem.', 0, '2019-11-25 00:42:06', '2019-11-25 00:42:06'),
(274, 15, 'Dr. Ashlynn Schowalter DDS', 'Est nesciunt cum voluptas inventore assumenda pariatur placeat. Iusto asperiores dolorum neque adipisci molestias blanditiis itaque. Est similique saepe eos accusamus quod occaecati. Error animi fuga beatae enim culpa.', 2, '2019-11-25 00:42:06', '2019-11-25 00:42:06'),
(275, 117, 'Prof. Bret Ferry', 'Est eum non repellendus. Inventore facere suscipit sint totam totam neque dicta. Laboriosam delectus veritatis perspiciatis error sed animi.', 1, '2019-11-25 00:42:06', '2019-11-25 00:42:06'),
(276, 44, 'Charity Pacocha', 'Vitae repellat facere illum minus eum porro. Aut iusto saepe rerum quasi qui. Necessitatibus natus quibusdam ea in.', 0, '2019-11-25 00:42:06', '2019-11-25 00:42:06'),
(277, 128, 'Dr. Una Pfeffer', 'Quae repellendus voluptatum ratione eum. Quia tenetur cum accusamus quia sit enim labore. Similique voluptate iste quia.', 2, '2019-11-25 00:42:06', '2019-11-25 00:42:06'),
(278, 60, 'Prof. Jordan Brekke', 'Nobis animi et eveniet itaque rem exercitationem. Enim odio vel quo culpa commodi atque et.', 4, '2019-11-25 00:42:06', '2019-11-25 00:42:06'),
(279, 82, 'Ottilie Botsford', 'Qui sed consectetur non quia omnis itaque aut. Unde aut eos consectetur voluptatem atque quia placeat. Sunt voluptates minus a rem. Quia aut quam dolores voluptatem.', 5, '2019-11-25 00:42:06', '2019-11-25 00:42:06'),
(280, 60, 'Coleman Miller DVM', 'Et minima autem sint delectus temporibus quo. Nihil voluptatem necessitatibus veritatis quis illum. Enim quas iure similique quia nulla ut. Velit culpa dolores commodi voluptatibus nesciunt tenetur quis.', 2, '2019-11-25 00:42:06', '2019-11-25 00:42:06'),
(281, 46, 'Candelario Gottlieb', 'Ut quo exercitationem ea est. Quasi et doloremque aut praesentium ipsum iste. Ut quia est laudantium qui consequuntur.', 1, '2019-11-25 00:42:06', '2019-11-25 00:42:06'),
(282, 33, 'Nina Cassin PhD', 'Cupiditate perspiciatis et et magnam rerum doloremque blanditiis. Illo enim nesciunt doloribus natus sit dolores suscipit. Mollitia culpa nesciunt inventore dolorum enim. Aut nisi aut impedit.', 1, '2019-11-25 00:42:06', '2019-11-25 00:42:06'),
(283, 6, 'Hiram Moore', 'Consequatur minima aperiam porro rerum dolor. Ea beatae qui quisquam qui quia dolore odio. Architecto consequatur reiciendis fugit est placeat sed a.', 1, '2019-11-25 00:42:06', '2019-11-25 00:42:06'),
(284, 115, 'Augusta Steuber', 'Enim voluptates eaque itaque exercitationem. Voluptatum nulla omnis fugit sed suscipit sed dolor aspernatur. Aut in dolorem aspernatur reprehenderit porro dolores. Iure omnis dolorem eos.', 2, '2019-11-25 00:42:06', '2019-11-25 00:42:06'),
(285, 47, 'Prof. Irma Hamill IV', 'Soluta ut ab expedita maiores. Enim corporis quas non laboriosam quo voluptas. Qui impedit soluta nihil laudantium excepturi a libero.', 1, '2019-11-25 00:42:06', '2019-11-25 00:42:06'),
(286, 134, 'Dr. Oscar Orn V', 'Aut cum dolor suscipit voluptas. Qui quasi voluptatem qui nam ratione. Sed assumenda deserunt at dolore dolorem. Eligendi rerum sint adipisci quidem atque veritatis odio.', 0, '2019-11-25 00:42:06', '2019-11-25 00:42:06'),
(287, 65, 'Ivory Marks', 'Et ab necessitatibus blanditiis architecto quia. Et tempore molestias quos exercitationem. Quibusdam temporibus pariatur ut magnam error iste ab. Laudantium quia nemo fugit et porro beatae.', 4, '2019-11-25 00:42:06', '2019-11-25 00:42:06'),
(288, 133, 'Dr. Emmanuelle Dare', 'Debitis nostrum quaerat quia et eveniet. Nihil asperiores ea doloremque similique. Porro reiciendis sed atque nesciunt ea.', 2, '2019-11-25 00:42:06', '2019-11-25 00:42:06'),
(289, 6, 'Prof. Cara Barton', 'Atque eos magnam ad iusto. Distinctio cum blanditiis sunt voluptas adipisci ad. Nam ducimus quia ab nisi.', 3, '2019-11-25 00:42:06', '2019-11-25 00:42:06'),
(290, 4, 'Prof. Dave Kunde', 'Voluptatem assumenda impedit est dolor ea commodi aut. Omnis quos at perferendis impedit non iste. Suscipit dignissimos minima qui alias. Aliquam voluptatem nesciunt consequatur sapiente magnam dolore laboriosam.', 1, '2019-11-25 00:42:06', '2019-11-25 00:42:06'),
(291, 130, 'Vivianne Kulas', 'Autem voluptas et perferendis dolor possimus qui reprehenderit natus. Veritatis expedita qui veniam ea dolor sunt. Error possimus aut sit ut. Cupiditate vitae modi magnam quia porro.', 3, '2019-11-25 00:42:06', '2019-11-25 00:42:06'),
(292, 90, 'Mr. Kamren Ratke', 'Sed nostrum labore ducimus animi est dolorum aspernatur. Dolores labore consequuntur assumenda repudiandae magni ut. Consectetur corrupti vitae neque commodi ad. Ut et ducimus recusandae nulla dicta.', 1, '2019-11-25 00:42:06', '2019-11-25 00:42:06'),
(293, 149, 'Billie Hudson', 'Ut eum autem non quo natus necessitatibus delectus. Et quibusdam aut ea fugiat. Quidem repellendus sunt similique eum accusamus id dolores.', 4, '2019-11-25 00:42:06', '2019-11-25 00:42:06'),
(294, 28, 'Jennings Runte Jr.', 'Ducimus ratione consequatur non voluptas tempore quia praesentium aspernatur. Quis nihil expedita sunt quod aut tempore. Saepe nihil corrupti dolores deleniti at provident. Et magni quidem aut quis possimus.', 1, '2019-11-25 00:42:06', '2019-11-25 00:42:06'),
(295, 118, 'Eveline Stiedemann', 'Soluta nam odio ex voluptas et ut distinctio. Nisi et dolor veniam quo in. Impedit architecto sunt provident deserunt itaque at qui.', 3, '2019-11-25 00:42:06', '2019-11-25 00:42:06'),
(296, 38, 'Prof. Rolando Rogahn Jr.', 'Assumenda soluta corporis nemo dolorem. Similique vel quaerat unde dignissimos cumque inventore non. Harum voluptatum nostrum repellat quia.', 2, '2019-11-25 00:42:07', '2019-11-25 00:42:07'),
(297, 105, 'Gabriel Jakubowski', 'Ex assumenda voluptatem nobis ipsam. Ea quo ipsam non modi et odio. Aut sequi similique est repudiandae. Non et assumenda sed molestias tempore ab.', 4, '2019-11-25 00:42:07', '2019-11-25 00:42:07'),
(298, 113, 'Aliza Feeney II', 'Cum impedit nihil ut eos ducimus voluptatem. Et laudantium expedita sit quia nemo mollitia fuga. Modi sit nulla consectetur fugiat. Modi sint et unde eum quo minus sit quo.', 0, '2019-11-25 00:42:07', '2019-11-25 00:42:07'),
(299, 102, 'Dariana Swift', 'Minus dignissimos labore ullam ea tempore suscipit dolor culpa. Autem corporis a distinctio eum. Voluptate pariatur amet quam quo molestiae. Quasi aperiam nesciunt est assumenda quidem ut.', 4, '2019-11-25 00:42:07', '2019-11-25 00:42:07'),
(300, 21, 'Miss Autumn Watsica', 'Ea tenetur et alias numquam culpa doloribus voluptate. Necessitatibus nihil veniam aliquid fugit qui. Autem veritatis laudantium accusantium. Nobis et minima labore nostrum voluptatem omnis.', 3, '2019-11-25 00:42:07', '2019-11-25 00:42:07'),
(301, 32, 'Audrey Heaney', 'Optio maiores esse sunt fuga assumenda. Voluptatibus voluptas id itaque sed. Est et qui est cumque minus doloremque incidunt. Ab eius voluptas consequatur voluptatum.', 2, '2019-11-25 00:42:07', '2019-11-25 00:42:07'),
(302, 69, 'Steve Nienow', 'Aut quidem distinctio rem. Itaque aliquam velit eos eos et voluptatem quae aut. Molestiae modi odit odio libero voluptate.', 4, '2019-11-25 00:42:07', '2019-11-25 00:42:07'),
(303, 143, 'Maya Waelchi', 'Optio similique quos eum sed et corrupti totam et. Enim sed et velit eaque eligendi rerum. Excepturi deleniti dolorum distinctio nobis facere. Sint unde recusandae aspernatur ipsa ullam.', 2, '2019-11-25 00:42:07', '2019-11-25 00:42:07'),
(304, 146, 'Sheldon Rippin', 'Quod reprehenderit ut maxime dolorem. Culpa asperiores earum iste nulla quaerat quis.', 5, '2019-11-25 00:42:07', '2019-11-25 00:42:07'),
(305, 30, 'Amelia Wilderman', 'Assumenda et quaerat reprehenderit expedita. Aperiam reiciendis quia in eius omnis beatae commodi laboriosam. Mollitia cumque qui veritatis consequatur sit ducimus. Suscipit velit perspiciatis et illo repellendus optio nobis voluptas. Laudantium consequatur nobis qui omnis in quo voluptatibus.', 3, '2019-11-25 00:42:07', '2019-11-25 00:42:07'),
(306, 118, 'Duane Braun PhD', 'Qui eos libero soluta illo corporis sed dolorum. Voluptatem voluptates debitis ut et itaque qui. Laboriosam fuga autem magni facilis. Natus porro tempore quia quis sapiente accusantium minus voluptas.', 1, '2019-11-25 00:42:07', '2019-11-25 00:42:07'),
(307, 82, 'Pearlie Roob', 'Impedit magni quos voluptatem sit. Reprehenderit dolorem sunt possimus itaque. Et et doloremque excepturi et sit velit. Quidem sit sint sit inventore ut nihil necessitatibus ab.', 3, '2019-11-25 00:42:07', '2019-11-25 00:42:07'),
(308, 5, 'Shanon Willms', 'Temporibus nostrum voluptatem cupiditate omnis enim eos doloribus. Error maiores ratione numquam illum. Reiciendis est aliquid deleniti impedit ut.', 2, '2019-11-25 00:42:07', '2019-11-25 00:42:07'),
(309, 62, 'Cloyd Windler I', 'Soluta architecto at labore et dolore molestias deserunt. Quos aut aut nemo ut occaecati et. Qui ab libero qui ut harum.', 4, '2019-11-25 00:42:07', '2019-11-25 00:42:07'),
(310, 110, 'Lenora Harvey', 'Illum commodi sapiente eum vitae. Repellendus earum corrupti unde delectus accusantium id quia.', 0, '2019-11-25 00:42:07', '2019-11-25 00:42:07'),
(311, 80, 'Prof. Kaden Lowe', 'Sed voluptas provident non aut. Quia soluta ut magni quam rerum nihil quae. Magnam eos aspernatur soluta ipsa.', 5, '2019-11-25 00:42:07', '2019-11-25 00:42:07'),
(312, 124, 'Gretchen Dietrich', 'Et omnis odit porro repellat dignissimos reiciendis fugit. Deleniti illo non assumenda et est eum.', 0, '2019-11-25 00:42:07', '2019-11-25 00:42:07'),
(313, 10, 'Jodie Spencer', 'Sit enim voluptas et consectetur. Architecto culpa architecto excepturi rerum iure provident magnam. Est quidem aut omnis officia amet.', 1, '2019-11-25 00:42:07', '2019-11-25 00:42:07'),
(314, 87, 'Manuela Keebler', 'Eum neque magni ea reiciendis accusantium eos consequatur. Et voluptas dolorem ipsum velit deleniti odit cum. Facere repellendus necessitatibus sed tempora eligendi.', 2, '2019-11-25 00:42:07', '2019-11-25 00:42:07'),
(315, 61, 'Julio Konopelski', 'Adipisci suscipit in nostrum voluptatibus qui fugiat. Quia corporis nulla voluptatibus nihil ut voluptatibus aperiam doloribus. Sunt sed perferendis placeat in.', 0, '2019-11-25 00:42:07', '2019-11-25 00:42:07'),
(316, 131, 'Josiane Ebert II', 'Ut aut dolore dolores voluptate molestias. Commodi molestiae et provident est. Ea libero quaerat ut culpa. Placeat voluptas sit consequatur praesentium velit.', 1, '2019-11-25 00:42:07', '2019-11-25 00:42:07'),
(317, 58, 'Leanne Lowe V', 'Quos ullam doloremque quasi sed consectetur. In vero voluptas quam et vel nisi autem. Doloremque et et provident eaque. Consequatur vel quas harum quo et.', 2, '2019-11-25 00:42:07', '2019-11-25 00:42:07'),
(318, 149, 'Larissa Wuckert', 'Qui et placeat praesentium omnis iusto velit numquam. Autem sit rem et aliquid iure sed voluptatem. Corrupti et rerum non.', 4, '2019-11-25 00:42:07', '2019-11-25 00:42:07'),
(319, 86, 'Nasir Goodwin', 'Molestiae facere pariatur rerum molestiae ea laboriosam. Minima quae iusto debitis in eos cum ex voluptatibus. Error quaerat explicabo laudantium. Aperiam sit ad labore sed quibusdam qui consequuntur. Sint maxime maxime dolores sint esse id ratione.', 1, '2019-11-25 00:42:07', '2019-11-25 00:42:07'),
(320, 42, 'Miss Chelsie Graham', 'Consequatur explicabo tempore quibusdam ut doloremque nulla. Qui dolor dicta quia facere nobis. Adipisci sed et dolor laboriosam dolor ad. Sunt aut repudiandae voluptatem sapiente quo.', 1, '2019-11-25 00:42:07', '2019-11-25 00:42:07'),
(321, 95, 'Cathrine Rath', 'Id est illo ducimus voluptatibus voluptate non repellat. Saepe ratione quae dolore. Sit tenetur sequi accusantium saepe laboriosam.', 3, '2019-11-25 00:42:07', '2019-11-25 00:42:07'),
(322, 74, 'Anabel Greenholt', 'Asperiores consequatur sint cupiditate recusandae ratione voluptatem voluptate. Aut esse perspiciatis ex tempore. Earum aspernatur soluta aut sunt harum at eligendi. Voluptatem sed sit ut voluptatem.', 3, '2019-11-25 00:42:07', '2019-11-25 00:42:07'),
(323, 43, 'Ana Kuhlman', 'Temporibus officiis accusantium quia autem vitae. Voluptates veritatis quia rerum architecto. Optio hic nulla esse placeat provident doloremque. Suscipit numquam deserunt itaque ea pariatur adipisci aut.', 4, '2019-11-25 00:42:07', '2019-11-25 00:42:07'),
(324, 86, 'Prof. Devin Nicolas', 'Non assumenda dignissimos non et culpa velit. Est rerum repudiandae reiciendis sed et. Quia vitae saepe cumque veritatis sint.', 3, '2019-11-25 00:42:07', '2019-11-25 00:42:07'),
(325, 91, 'Raphael Douglas', 'Et reprehenderit deserunt id unde. Architecto error sint commodi est debitis sunt. Consectetur quidem illo ad deserunt.', 1, '2019-11-25 00:42:07', '2019-11-25 00:42:07'),
(326, 81, 'Adriel Lesch III', 'Mollitia est repellat asperiores laborum sed libero modi. Ut similique ut non dolores. Rerum et voluptas a repellendus fugit impedit doloremque. Omnis sit corrupti omnis et.', 1, '2019-11-25 00:42:07', '2019-11-25 00:42:07'),
(327, 23, 'Abelardo Kemmer', 'Amet voluptas soluta praesentium consequatur. Nihil aut rerum praesentium. Voluptatum quis occaecati tenetur ea eveniet quidem. Eos molestiae enim asperiores qui ut quae expedita. Ut tempora aut esse distinctio ipsa.', 0, '2019-11-25 00:42:07', '2019-11-25 00:42:07'),
(328, 111, 'Gage Bergstrom IV', 'Fugiat cumque asperiores aut. Et optio sed itaque quia. Omnis qui sunt sapiente omnis.', 3, '2019-11-25 00:42:07', '2019-11-25 00:42:07'),
(329, 55, 'Mr. Kraig Dietrich', 'Aliquam expedita porro dicta. Accusamus et similique corporis. Velit commodi neque qui perferendis voluptatem ipsa.', 5, '2019-11-25 00:42:07', '2019-11-25 00:42:07'),
(330, 8, 'Mr. Adolphus Bednar III', 'Nostrum aspernatur quo possimus dolorem nam corporis. Illo ipsum quia fugit vero. Repellat qui ut quia. Velit dicta ab deserunt sed commodi pariatur quidem quod.', 0, '2019-11-25 00:42:07', '2019-11-25 00:42:07'),
(331, 10, 'Heloise Sauer I', 'Fugit quam nam vel dolore qui aut ut. Tempore et sit autem sed cumque omnis sed. Blanditiis qui ut tempore molestiae fuga veritatis.', 4, '2019-11-25 00:42:07', '2019-11-25 00:42:07'),
(332, 61, 'Shanie Klocko', 'Iure quam nihil deleniti voluptatem ut enim deleniti. Voluptatum porro maxime voluptate corrupti nobis doloribus. Minima minus et iste.', 2, '2019-11-25 00:42:07', '2019-11-25 00:42:07'),
(333, 28, 'Jude Price', 'Aut sint veritatis praesentium soluta illum sint id dignissimos. Error temporibus eveniet veritatis aliquid dolores alias. Voluptatum culpa rerum atque quae nemo illo. Nesciunt aut ut qui blanditiis assumenda totam.', 5, '2019-11-25 00:42:07', '2019-11-25 00:42:07'),
(334, 127, 'Trey Feeney', 'Nulla tempore dicta ipsum nobis est voluptate. Eum laudantium perferendis consequatur voluptas ratione eum qui. Dolor sapiente officiis ab asperiores ut eaque tempore.', 1, '2019-11-25 00:42:07', '2019-11-25 00:42:07'),
(335, 115, 'Mike Spencer', 'Cumque quaerat ea ut quis odit assumenda excepturi. Rerum ex fugit totam porro quos vero quam. Aut beatae beatae accusamus et quo et tenetur. Et eligendi facere autem dolorem maxime tempore.', 4, '2019-11-25 00:42:07', '2019-11-25 00:42:07'),
(336, 57, 'Jewell Pollich', 'Voluptates incidunt cum sequi optio quidem sequi est. Commodi possimus sequi ratione natus blanditiis corrupti ipsum. Dolorem laboriosam rem et sunt aut.', 3, '2019-11-25 00:42:07', '2019-11-25 00:42:07'),
(337, 126, 'Mr. Randi Wilkinson', 'Sed aliquam sed suscipit hic asperiores magni distinctio saepe. Facere et quisquam provident ut quis nihil. Cupiditate occaecati sit architecto tenetur et.', 1, '2019-11-25 00:42:07', '2019-11-25 00:42:07'),
(338, 62, 'Mr. Lyric McLaughlin', 'Et qui in hic ab impedit consequatur. Voluptas qui aut id corrupti officia. Voluptate sequi sed ad suscipit rerum deleniti. Ut aut minima velit et temporibus.', 0, '2019-11-25 00:42:07', '2019-11-25 00:42:07'),
(339, 142, 'Pink Balistreri', 'Iste animi incidunt cum nihil. Suscipit consequatur itaque fugiat odit sit dolorem ex. Ipsum sequi consequuntur id autem.', 0, '2019-11-25 00:42:07', '2019-11-25 00:42:07'),
(340, 82, 'Shaylee Simonis', 'Velit voluptas qui voluptatem accusantium architecto. Alias aut ratione qui. Et consequuntur ea aut rerum recusandae.', 1, '2019-11-25 00:42:07', '2019-11-25 00:42:07'),
(341, 92, 'Cory Turner Sr.', 'Quaerat voluptas perspiciatis distinctio dolorum rerum. Dolor laudantium sunt id fugiat ut. Non quis et sed molestiae qui velit. Molestiae repudiandae dolor fuga quas ipsa. Et illum dolorem sed culpa dolorum culpa qui.', 3, '2019-11-25 00:42:07', '2019-11-25 00:42:07'),
(342, 85, 'Prof. Duane Yundt', 'Esse nam omnis nesciunt quo sint officiis. Repellat enim voluptatem dignissimos quod accusantium ipsum architecto. Sunt similique quod consequuntur id impedit nostrum.', 1, '2019-11-25 00:42:07', '2019-11-25 00:42:07'),
(343, 42, 'Elenora Kiehn', 'Ut quos nam quo id. Ex pariatur ducimus facere. Eum doloremque at veritatis quasi.', 5, '2019-11-25 00:42:07', '2019-11-25 00:42:07'),
(344, 97, 'Dr. Gwen Bode', 'Adipisci ut temporibus nam beatae rem maxime quia. Esse magni earum necessitatibus similique. Et ut et reiciendis dolorum autem corrupti.', 5, '2019-11-25 00:42:07', '2019-11-25 00:42:07'),
(345, 117, 'Zoie Walker', 'Earum laborum laboriosam natus voluptatem consequatur voluptates debitis. Nemo minus corrupti sit suscipit et quis. Omnis expedita non eius asperiores quam temporibus consequuntur. Culpa dolor veniam ex nam provident et harum. Occaecati ex et dolor eius sit excepturi enim.', 2, '2019-11-25 00:42:07', '2019-11-25 00:42:07'),
(346, 130, 'Aric Donnelly Jr.', 'Vel et quia aperiam ab sint et perspiciatis. Laborum quisquam quia libero inventore vel non. Placeat adipisci iste sequi autem esse a voluptatum. Aut minus et maiores adipisci.', 0, '2019-11-25 00:42:08', '2019-11-25 00:42:08'),
(347, 26, 'Murray Emmerich', 'Velit nihil et est incidunt totam cupiditate omnis. Harum exercitationem magni odio est debitis. Illo repudiandae debitis voluptas consequuntur eligendi ad et. Occaecati ut itaque rerum.', 4, '2019-11-25 00:42:08', '2019-11-25 00:42:08'),
(348, 104, 'Alf Waters', 'Non natus est omnis sint. Eum qui eveniet odit nisi minus. Doloremque modi vel unde magnam est placeat sint. Amet ducimus accusantium similique provident.', 2, '2019-11-25 00:42:08', '2019-11-25 00:42:08'),
(349, 88, 'Lenna Mosciski', 'Reprehenderit voluptas nobis aliquid soluta id quo. Quas pariatur hic quis. Ab eum possimus ea a.', 5, '2019-11-25 00:42:08', '2019-11-25 00:42:08'),
(350, 33, 'Jayce Botsford PhD', 'Sit sint et enim enim et. Repellat ut doloribus delectus et ut harum. Repellat molestiae sunt et provident sit soluta. Consectetur quidem molestiae consequatur voluptatem.', 3, '2019-11-25 00:42:08', '2019-11-25 00:42:08');

-- --------------------------------------------------------

--
-- Table structure for table `users`
--

CREATE TABLE `users` (
  `id` bigint(20) UNSIGNED NOT NULL,
  `name` varchar(255) COLLATE utf8mb4_unicode_ci NOT NULL,
  `email` varchar(255) COLLATE utf8mb4_unicode_ci NOT NULL,
  `email_verified_at` timestamp NULL DEFAULT NULL,
  `password` varchar(255) COLLATE utf8mb4_unicode_ci NOT NULL,
  `remember_token` varchar(100) COLLATE utf8mb4_unicode_ci DEFAULT NULL,
  `created_at` timestamp NULL DEFAULT NULL,
  `updated_at` timestamp NULL DEFAULT NULL
) ENGINE=InnoDB DEFAULT CHARSET=utf8mb4 COLLATE=utf8mb4_unicode_ci;

--
-- Indexes for dumped tables
--

--
-- Indexes for table `migrations`
--
ALTER TABLE `migrations`
  ADD PRIMARY KEY (`id`);

--
-- Indexes for table `password_resets`
--
ALTER TABLE `password_resets`
  ADD KEY `password_resets_email_index` (`email`);

--
-- Indexes for table `products`
--
ALTER TABLE `products`
  ADD PRIMARY KEY (`id`);

--
-- Indexes for table `reviews`
--
ALTER TABLE `reviews`
  ADD PRIMARY KEY (`id`);

--
-- Indexes for table `users`
--
ALTER TABLE `users`
  ADD PRIMARY KEY (`id`),
  ADD UNIQUE KEY `users_email_unique` (`email`);

--
-- AUTO_INCREMENT for dumped tables
--

--
-- AUTO_INCREMENT for table `migrations`
--
ALTER TABLE `migrations`
  MODIFY `id` int(10) UNSIGNED NOT NULL AUTO_INCREMENT, AUTO_INCREMENT=4;

--
-- AUTO_INCREMENT for table `products`
--
ALTER TABLE `products`
  MODIFY `id` bigint(20) UNSIGNED NOT NULL AUTO_INCREMENT, AUTO_INCREMENT=151;

--
-- AUTO_INCREMENT for table `reviews`
--
ALTER TABLE `reviews`
  MODIFY `id` bigint(20) UNSIGNED NOT NULL AUTO_INCREMENT, AUTO_INCREMENT=351;

--
-- AUTO_INCREMENT for table `users`
--
ALTER TABLE `users`
  MODIFY `id` bigint(20) UNSIGNED NOT NULL AUTO_INCREMENT;
COMMIT;

/*!40101 SET CHARACTER_SET_CLIENT=@OLD_CHARACTER_SET_CLIENT */;
/*!40101 SET CHARACTER_SET_RESULTS=@OLD_CHARACTER_SET_RESULTS */;
/*!40101 SET COLLATION_CONNECTION=@OLD_COLLATION_CONNECTION */;
